name;popularity;releases;age;loc;cbo;dit;lcom
java-design-patterns;80242;0;8;32511.0;3.0;1.0;0.0
JavaGuide;131828;0;4;;;;
LeetCodeAnimation;72498;0;4;78.0;1.0;1.0;0.0
advanced-java;69056;1;4;;;;
spring-boot;66063;163;10;311815.0;4.0;13.0;0.0
mall;64096;2;4;100638.0;3.0;4.0;13.0
elasticsearch;63004;108;13;1910853.0;5.0;176.0;1.0
GitHub-Chinese-Top-Charts;60465;0;3;5.0;0.0;1.0;0.0
interviews;59338;0;6;5621.0;1.0;2.0;0.0
spring-framework;51043;249;12;650871.0;3.0;70.0;0.0
Java;50677;0;6;28925.0;2.0;4.0;1.0
guava;46970;35;8;262839.0;2.0;66.0;0.0
RxJava;46865;231;10;369970.0;1.0;26.0;0.0
retrofit;41262;0;12;26747.0;3.0;16.0;0.0
dubbo;38534;76;10;200721.0;4.0;10.0;0.0
ghidra;37850;26;4;;;;
MPAndroidChart;36213;44;8;21111.0;5.0;6.0;1.0
jeecg-boot;33838;25;4;35815.0;4.0;4.0;0.0
jadx;33682;27;9;103602.0;3.0;21.0;0.0
lottie-android;33679;44;6;15944.0;5.0;6.0;1.0
tutorials;33601;0;9;383740.0;3.0;11.0;0.0
glide;33423;44;9;57646.0;4.0;20.0;0.0
hello-algorithm;32116;0;2;61.0;1.0;1.0;0.0
AndroidUtilCode;31936;117;6;39966.0;2.0;10.0;0.0
arthas;31920;47;4;40329.0;3.0;14.0;1.0
dbeaver;31003;171;7;418584.0;4.0;28.0;1.0
netty;30832;0;12;313134.0;2.0;26.0;0.0
zxing;30755;29;11;39611.0;4.0;6.0;0.0
spring-boot-demo;28941;0;5;7163.0;4.0;5.0;0.0
spring-boot-examples;28653;0;6;4461.0;4.0;2.0;0.0
apollo;27833;38;7;26812.0;6.0;14.0;0.0
easyexcel;27042;5;5;19667.0;5.0;8.0;1.0
JCSprout;26950;0;5;4399.0;1.0;4.0;0.0
druid;26638;48;11;318090.0;4.0;32.0;0.0
halo;26280;110;4;28560.0;5.0;8.0;0.0
selenium;26028;80;10;91202.0;4.0;28.0;0.0
miaosha;25764;0;4;8581.0;3.0;4.0;0.0
nacos;25683;52;4;111766.0;3.0;24.0;0.0
vhr;25677;0;5;2971.0;2.0;2.0;6.0
butterknife;25653;0;10;7712.0;2.0;6.0;0.0
hutool;25640;129;8;116522.0;3.0;11.0;1.0
canal;25216;26;10;107716.0;4.0;13.0;1.0
fastjson;25197;84;11;206496.0;1.0;15.0;0.0
SpringAll;25166;0;4;6035.0;4.0;4.0;0.0
proxyee-down;25102;49;5;3392.0;4.0;5.0;2.0
spring-cloud-alibaba;24994;32;5;15253.0;5.0;4.0;0.0
toBeTopJavaer;24436;0;4;;;;
kafka;24380;0;11;430849.0;4.0;17.0;0.0
EventBus;24275;7;10;5269.0;3.0;12.0;0.0
SmartRefreshLayout;24098;10;5;19480.0;3.0;6.0;0.0
xxl-job;23765;31;7;8606.0;3.0;4.0;0.0
BaseRecyclerViewAdapterHelper;23441;196;6;3931.0;3.0;7.0;0.0
seata;23432;35;4;180526.0;5.0;911.0;3.0
Signal-Android;23403;0;11;228658.0;4.0;41.0;0.0
Hystrix;23251;79;10;62010.0;2.0;114.0;0.0
NewPipe;23022;124;7;38329.0;5.0;10.0;1.0
gson;21914;6;7;32896.0;2.0;7.0;0.0
Telegram;21683;79;9;1083363.0;3.0;1520.0;0.0
leetcode;21445;19;4;3683.0;2.0;2.0;0.0
skywalking;21413;55;7;72154.0;4.0;5.0;0.0
libgdx;21220;9;10;281200.0;3.0;48.0;0.0
flink;20833;0;8;1093703.0;4.0;61.0;0.0
redisson;20759;120;9;132993.0;3.0;7.0;0.0
Sentinel;20659;23;4;54735.0;3.0;18.0;0.0
ExoPlayer;20497;23;8;240901.0;5.0;31.0;0.0
bazel;20426;195;8;594254.0;5.0;42.0;1.0
jenkins;20410;245;12;174614.0;4.0;60.0;0.0
termux-app;20006;89;7;24226.0;4.0;6.0;0.0
RxAndroid;19767;20;8;1452.0;1.0;3.0;0.0
eladmin;19420;0;4;7785.0;4.0;4.0;0.0
DoKit;19349;10;4;80463.0;2.0;18.0;0.0
rocketmq;18878;9;6;174858.0;3.0;11.0;1.0
FizzBuzzEnterpriseEdition;18722;0;10;894.0;2.0;1.0;0.0
PhotoView;18455;5;10;1792.0;3.0;3.0;0.0
GSYVideoPlayer;18333;40;6;29252.0;2.0;10.0;0.0
graal;18308;32;7;1483847.0;4.0;231.0;1.0
mybatis-3;18262;40;10;54183.0;2.0;7.0;0.0
shardingsphere;18073;52;7;174268.0;4.0;7.0;0.0
HikariCP;17948;0;9;10640.0;3.0;5.0;0.0
litemall;17787;8;4;90876.0;3.0;2.0;1.0
cat;17588;3;10;97994.0;4.0;10.0;1.0
Mindustry;17325;151;5;;;;
SpringCloudLearning;17166;0;5;1123.0;4.0;2.0;0.0
fresco;16920;45;8;68148.0;5.0;14.0;0.0
Android-Universal-Image-Loader;16813;0;11;7434.0;3.0;6.0;0.5
tinker;16705;52;6;39398.0;3.0;53.0;0.0
zheng;16451;0;6;41742.0;3.0;2.0;0.0
SpringBoot-Labs;16266;0;4;17714.0;4.0;4.0;0.0
java8-tutorial;16196;0;8;2081.0;1.0;1.0;0.0
zipkin;16056;69;10;;;;
Apktool;15880;16;10;11699.0;4.0;5.0;3.0
disruptor;15821;13;10;13150.0;3.0;8.0;0.0
openapi-generator;15576;53;4;194282.0;4.0;12.0;1.0
springboot-learning-example;15313;0;6;1641.0;3.5;3.0;0.0
Android-CleanArchitecture;15304;0;8;2260.0;4.0;3.0;1.0
jdk;15286;0;4;;;;
keycloak;15245;33;9;475574.0;4.0;25.0;1.0
SpringBoot-Learning;15028;0;6;2790.0;4.0;3.0;0.0
APIJSON;14897;92;6;11679.0;2.0;4.0;5.0
elasticsearch-analysis-ik;14863;184;11;2051.0;4.5;2.0;1.0
material-components-android;14669;67;6;97236.0;4.0;11.0;1.0
presto;14530;0;10;662396.0;6.0;26.0;1.0
JustAuth;14503;44;4;5287.0;2.0;4.0;6.0
Algorithms;14473;0;5;32435.0;2.0;2.0;3.0
CircleImageView;14391;0;9;360.0;5.0;3.0;0.0
VirtualXposed;14210;50;5;47736.0;2.0;303.0;0.0
mybatis-plus;14160;24;6;26370.0;4.0;7.0;0.0
ARouter;14120;16;6;3165.0;2.0;4.0;0.0
antlr4;14032;28;13;40812.0;3.0;9.0;0.0
QMUI_Android;13982;35;5;58309.0;3.0;16.0;0.0
mockito;13756;199;10;50071.0;2.0;19.0;0.0
bytecode-viewer;13573;58;8;18981.0;3.0;10.0;0.0
Material-Animations;13552;0;8;1010.0;2.0;3.0;0.0
logger;13536;16;7;827.0;6.0;2.0;0.0
BigData-Notes;13526;0;4;2124.0;5.0;2.0;0.0
Arduino;13443;37;12;25793.0;2.0;21.0;0.0
vert.x;13438;0;11;135508.0;3.0;11.0;1.0
logstash;13322;108;12;35828.0;4.0;52.0;1.0
hadoop;13321;0;8;1593789.0;4.0;77.0;0.0
caffeine;13277;65;8;74865.0;3.0;22.0;0.0
thingsboard;13273;53;6;158986.0;5.0;9.0;0.0
Android-PickerView;13259;0;8;4421.0;2.0;2.0;0.0
flink-learning;13251;0;4;13941.0;3.0;4.0;0.0
Luban;13198;6;6;1088.0;1.0;2.0;1.0
tink;13049;21;8;70408.0;5.0;41.0;1.0
DataX;13046;3;5;69223.0;3.0;8.0;0.0
ip2region;12983;0;7;2336.0;2.0;3.0;1.0
AndroidAutoSize;12882;14;4;1720.0;4.0;2.0;1.0
deeplearning4j;12815;0;9;624008.0;7.0;1464.0;6.0
Grasscutter;12722;6;0;;;;
pinpoint;12643;52;8;344764.0;3.0;20.0;0.0
stetho;12623;13;8;19224.0;3.0;21.0;0.0
jib;12595;145;5;34814.0;5.0;5.0;0.0
greenDAO;12561;8;11;18545.0;4.0;8.0;1.0
zuul;12483;5;10;19487.0;4.0;10.0;1.0
pulsar;12396;63;6;448956.0;4.0;149.0;0.0
spring-analysis;12395;0;6;378.0;2.0;4.0;0.0
Matisse;12377;15;5;3418.0;5.0;4.0;0.0
banner;12319;0;6;2713.0;5.0;4.0;1.0
AndroidSwipeLayout;12280;18;8;2770.0;2.0;3.0;0.0
jd-gui;12273;18;7;19309.0;3.0;15.0;1.0
PictureSelector;12269;113;6;39212.0;2.0;9.0;0.0
AndroidViewAnimations;12245;9;8;965.0;2.0;2.0;0.0
piggymetrics;12206;2;7;1881.0;5.0;2.0;0.0
lombok;11823;3;13;;;;
mall-learning;11818;0;3;29041.0;3.0;4.0;1.0
guice;11817;15;8;78717.0;3.0;43.0;0.0
Sa-Token;11795;28;3;18796.0;3.0;5.0;1.0
eureka;11734;146;10;32744.0;4.0;9.0;0.0
VasSonic;11633;10;5;7421.0;2.0;4.0;0.0
Mybatis-PageHelper;11585;11;8;7108.0;6.0;5.0;0.0
spring-boot-admin;11562;99;8;13295.0;6.0;5.0;0.0
source-code-hunter;11502;0;3;;;;
quarkus;11484;221;4;652828.0;4.0;16.0;0.0
uCrop;11453;15;7;4643.0;3.0;7.0;1.0
realm-java;11365;0;10;109889.0;2.0;16.0;0.0
neo4j;11177;72;10;551597.0;4.0;58.0;1.0
androidannotations;11132;0;11;28800.0;4.0;10.0;1.0
zookeeper;11132;0;13;117032.0;3.0;96.0;0.0
SlidingMenu;11131;0;10;3085.0;3.0;7.0;0.0
PermissionsDispatcher;11100;40;7;3184.0;0.0;4.0;3.0
fullstack-tutorial;11024;0;4;;;;
DSA-Bootcamp-Java;10999;0;1;5086.0;1.0;3.0;1.0
mit-deep-learning-book-pdf;10987;3;5;2.0;0.0;1.0;0.0
jedis;10956;74;12;61143.0;3.0;7.0;1.0
onedev;10941;245;4;241390.0;4.0;8.0;0.0
vlayout;10831;34;6;14042.0;3.0;7.0;0.0
FlycoTabLayout;10813;4;7;2730.0;3.0;3.0;1.0
webmagic;10756;23;9;8676.0;4.0;9.0;1.0
FileDownloader;10746;65;7;14387.0;2.0;28.0;1.0
ImmersionBar;10708;0;5;7237.0;5.0;4.0;3.0
interview;10704;0;8;27259.0;2.0;4.0;1.0
dex2jar;10688;6;7;41007.0;3.0;8.0;0.0
android-async-http;10645;3;12;7620.0;4.0;5.0;3.0
zaproxy;10592;309;7;179090.0;3.0;32.0;1.0
CtCI-6th-Edition;10557;0;7;21093.0;2.0;5.0;1.0
okhttp-OkGo;10508;14;7;13418.0;5.0;7.0;0.0
JiaoZiVideoPlayer;10444;78;7;4511.0;6.0;4.0;4.0
RxPermissions;10426;11;7;876.0;2.0;2.0;0.0
ruoyi-vue-pro;10420;16;2;40359.0;5.0;4.0;0.0
grpc-java;10410;137;8;223981.0;3.0;22.0;0.0
SmarterStreaming;10402;0;6;10750.0;2.0;2.0;0.0
algorithm-base;10355;0;1;;;;
platform_frameworks_base;10340;0;14;;;;
questdb;10241;62;8;347254.0;4.0;28.0;1.0
MVPArms;10200;25;6;5986.0;5.0;3.0;3.0
ViewPagerIndicator;10189;0;11;2947.0;6.0;4.0;0.0
javapoet;10100;0;10;7520.0;2.0;5.0;0.0
dolphinscheduler;10082;40;4;100313.0;4.0;7.0;0.0
auto;10046;57;9;30540.0;3.0;80.0;1.0
jsoup;10026;9;13;29586.0;3.0;58.0;1.0
cas;10013;240;11;192399.0;8.0;60.0;0.0
tech-interview-for-developer;9954;0;3;636.0;1.0;1.0;0.0
mall-swarm;9936;2;3;101020.0;3.0;4.0;13.0
clojure;9901;0;12;44087.0;0.0;48.0;0.0
android-interview-questions;9820;0;5;5.0;0.0;1.0;0.0
newbee-mall;9800;0;3;3935.0;2.0;4.0;4.0
glide-transformations;9747;0;8;991.0;5.0;3.0;0.0
Fragmentation;9734;30;7;8981.0;3.0;5.0;0.0
AVLoadingIndicatorView;9696;1;7;2161.0;2.0;4.0;0.0
SmartTubeNext;9657;122;2;167774.0;5.0;49.0;1.0
easypermissions;9640;12;7;1705.0;8.0;3.0;6.0
Java-WebSocket;9624;14;13;14502.0;2.0;7.0;3.5
android-Ultra-Pull-To-Refresh;9623;8;8;5476.0;2.0;5.0;0.0
react-native-camera;9614;144;7;;;;
Android-ObservableScrollView;9610;0;8;12621.0;3.0;7.0;0.0
paascloud-master;9547;0;4;16428.0;4.0;5.0;0.0
spark;9463;0;11;9588.0;3.0;5.0;0.0
AndroidSlidingUpPanel;9452;8;9;2011.0;2.0;4.0;0.0
PocketHub;9417;1;11;6980.0;5.0;4.0;0.0
DanmakuFlameMaster;9404;5;9;12879.0;3.0;14.0;1.0
MagicIndicator;9378;12;6;4533.0;4.0;4.0;3.0
Mycat-Server;9376;7;8;92943.0;3.0;12.0;0.0
jvm;9346;0;4;5.0;0.0;1.0;0.0
OpenRefine;9333;45;10;66467.0;5.0;9.0;1.0
android-gif-drawable;9316;57;10;2946.0;4.0;10.0;0.0
JsBridge;9267;0;8;995.0;1.5;2.0;0.0
Activiti;9266;210;10;144069.0;4.0;8.0;1.0
spring-boot-api-project-seed;9265;4;5;484.0;4.0;4.0;0.0
COLA;9227;9;5;5963.0;3.0;5.0;0.0
VirtualApp;9181;0;6;46624.0;2.0;303.0;0.0
dataease;9154;49;2;47787.0;3.0;4.0;0.0
cryptomator;9071;146;9;13696.0;6.0;6.0;1.0
MaterialDesignLibrary;9053;3;8;2927.0;3.0;6.0;0.0
LSPosed;9023;36;2;22943.0;3.0;16.0;0.0
QtScrcpy;8980;28;3;3988.0;2.0;4.0;0.0
metersphere;8937;133;3;264956.0;3.0;5.0;0.0
jjwt;8912;0;8;5254.0;3.0;8.0;1.0
CoreNLP;8889;12;9;562044.0;4.0;121.0;0.0
storm;8884;0;11;60552.0;3.0;20.0;1.0
AndroidNote;8849;0;7;402.0;1.0;2.0;3.0
VirtualAPK;8821;4;5;7981.0;3.0;17.0;1.0
StatusBarUtil;8810;0;7;1036.0;3.0;3.0;0.0
AgentWeb;8803;19;5;11378.0;3.0;9.0;0.0
testing-samples;8771;0;8;1809.0;6.0;3.0;0.0
cim;8764;7;4;7280.0;3.0;7.0;0.0
hello-algo;8757;1;0;2219.0;2.0;1.0;0.0
Android-PullToRefresh;8748;0;11;3567.0;4.5;7.0;1.0
feign;8670;28;9;30656.0;3.0;92.0;0.0
resilience4j;8635;32;7;52469.0;5.5;15.0;1.0
android-gpuimage;8626;0;10;6341.0;2.0;7.0;0.0
Calligraphy;8598;4;9;968.0;5.0;3.0;3.0
Android_Data;8594;0;7;116.0;2.0;1.0;3.0
CalendarView;8591;0;6;11557.0;4.0;5.0;3.0
awesome-java-leetcode;8513;0;5;1772.0;2.0;1.0;1.0
buck;8502;57;9;;;;
BottomBar;8431;4;6;2834.0;2.0;4.0;0.0
junit4;8415;13;14;32915.0;3.0;14.0;0.0
quickstart-android;8387;0;6;6647.0;3.0;3.0;0.0
Android-SpinKit;8376;0;6;1812.0;5.0;9.0;1.0
dropwizard;8364;137;12;41279.0;4.0;13.0;0.0
languagetool;8338;0;9;195039.0;4.0;28.0;1.0
debezium;8218;0;7;139821.0;4.0;25.0;1.0
supertokens-core;8215;21;3;43528.0;8.5;7.0;3.0
AndResGuard;8205;4;7;6506.0;2.0;4.0;1.5
Jetpack-MVVM-Best-Practice;8194;0;3;3608.0;3.0;6.0;0.0
MaterialViewPager;8190;11;7;1616.0;3.0;3.0;0.0
conductor;8176;313;6;46264.0;5.0;4.0;0.0
epoxy;8161;73;6;43286.0;5.0;18.0;1.0
Android-Debug-Database;8151;12;6;2393.0;4.0;3.0;0.0
Signal-Server;8117;0;9;36843.0;4.0;4.0;0.0
atlas;8096;7;6;157514.0;4.0;13.0;1.0
yudao-cloud;8067;1;3;27230.0;5.0;4.0;0.0
kkFileView;8040;11;5;8705.0;5.0;2.0;1.0
hsweb-framework;8005;26;7;18591.0;4.0;8.0;0.0
SpringCloud;8002;0;5;3091.0;5.0;5.0;0.0
react-native-image-picker;7941;117;7;835.0;4.0;2.0;0.0
LitePal;7937;0;10;11830.0;3.0;6.0;0.0
SimianArmy;7927;4;10;16056.0;4.0;5.0;3.0
HomeMirror;7889;0;7;1719.0;2.0;2.0;0.0
material-theme-jetbrains;7885;17;7;14517.0;3.0;10.0;1.0
hugo;7876;0;9;384.0;7.0;2.0;6.0
cassandra;7856;0;13;492038.0;4.0;63.0;1.0
shardingsphere-elasticjob;7829;28;7;22317.0;4.0;4.0;0.0
tsunami-security-scanner;7797;14;2;7647.0;5.0;5.0;0.0
spider-flow;7759;2;2;8748.0;4.0;43.0;1.0
JsonPath;7731;8;12;16721.0;3.0;13.0;0.0
RxLifecycle;7712;22;7;2368.0;6.0;7.0;0.0
metrics;7702;104;13;26525.0;4.0;11.0;0.0
jna;7698;0;11;105956.0;3.0;125.0;0.0
shenyu;7679;8;4;102383.0;4.0;6.0;1.0
plantuml;7679;26;12;184298.0;5.0;19.0;1.0
EhViewer;7675;97;8;44372.0;4.0;16.0;1.0
UltimateAndroidReference;7654;0;5;22.0;1.0;1.0;0.0
sonarqube;7587;36;12;360822.0;4.0;10.0;0.0
checkstyle;7587;126;9;;;;
otter;7569;10;9;68151.0;3.0;7.0;1.0
RxJava-Android-Samples;7547;0;8;2633.0;3.0;4.0;3.0
AndroidPdfViewer;7524;0;6;3328.0;1.0;4.0;0.0
spring-security;7519;132;11;194099.0;5.0;18.0;0.0
subsampling-scale-image-view;7504;21;9;4262.0;3.5;5.0;0.0
litho;7502;52;6;123595.0;4.0;10.0;0.0
doris;7479;19;5;358503.0;5.0;12.0;0.0
cachecloud;7455;3;7;48349.0;2.0;3.0;0.0
vjtools;7438;9;4;18382.0;2.0;6.0;1.0
trino;7406;0;4;;;;
datahub;7375;72;7;74290.0;8.0;4.0;1.0
MyBookshelf;7371;165;4;48375.0;4.0;6.0;1.0
hellocharts-android;7370;14;8;10995.0;3.0;5.0;1.0
AndroidAsync;7349;0;10;18086.0;2.0;29.0;0.0
toBeBetterJavaer;7310;0;4;;;;
dagger;7292;0;10;8043.0;3.0;8.0;0.0
android-classyshark;7272;17;7;8714.0;2.0;7.0;1.0
Android-Bootstrap;7269;5;9;10389.0;3.0;4.0;2.0
sweet-alert-dialog;7265;2;8;943.0;1.5;2.0;0.0
ShortcutBadger;7254;0;9;885.0;5.0;3.0;1.0
MVVMHabit;7246;3;5;9110.0;2.0;4.0;0.0
agera;7244;16;7;10897.0;4.0;5.0;0.0
UltimateRecyclerView;7232;9;8;16083.0;3.0;7.0;0.0
TakePhoto;7216;15;7;2403.0;2.0;3.0;1.0
Paper;7215;1;7;163.0;5.0;2.0;3.0
aws-doc-sdk-examples;7214;0;6;56040.0;5.0;5.0;1.0
algs4;7206;0;7;21724.0;4.0;2.0;0.0
WeChatLuckyMoney;7164;20;7;931.0;3.0;2.0;1.0
swagger-core;7144;85;11;34864.0;3.0;9.0;0.0
ActionBarSherlock;7137;32;12;26463.0;4.0;11.0;0.0
SpringCloud-Learning;7114;0;6;13492.0;4.0;4.0;1.0
RePlugin;7111;18;5;29883.0;3.0;5.0;0.0
zfile;7081;60;3;6522.0;4.0;6.0;0.0
Mapper;7053;4;8;18026.0;4.0;4.0;0.0
flyway;7051;176;10;22395.0;5.0;6.0;1.0
LeetCode;7045;0;3;3683.0;2.0;2.0;0.0
im-server;7033;81;4;151456.0;3.0;77.0;1.0
SmartTabLayout;6996;0;8;1912.0;4.0;5.0;1.0
XPopup;6922;220;4;12353.0;3.0;9.0;0.0
lawnchair;6916;25;6;117895.0;5.0;13.0;1.0
testcontainers-java;6891;61;7;24210.0;5.0;13.0;0.0
karate;6881;48;6;41657.0;4.0;8.0;0.0
okhttputils;6871;0;7;1961.0;2.5;4.0;0.0
xmall;6859;0;5;45293.0;3.0;4.0;13.0
Shadow;6850;5;3;21722.0;3.0;8.0;0.0
FrameworkBenchmarks;6848;15;9;16129.0;4.0;4.0;0.0
VBlog;6840;0;5;781.0;4.0;2.0;1.0
jmeter;6836;0;12;127367.0;4.0;12.0;3.0
elasticsearch-sql;6828;196;8;26907.0;5.0;5.0;6.0
Timber;6821;5;7;21859.0;3.0;8.0;0.0
DroidPlugin;6791;2;7;22301.0;2.0;129.0;0.0
closure-compiler;6786;0;8;310399.0;5.0;38.0;1.0
gocd;6736;74;9;276653.0;4.0;19.0;0.0
AndroidAutoLayout;6687;0;7;2370.0;5.0;4.0;8.0
angel;6648;19;5;204252.0;5.0;10.0;0.0
react-native-svg;6633;92;7;13484.0;4.0;80.0;1.0
AndPermission;6593;0;6;4486.0;3.0;2.0;0.0
beam;6586;28;7;630509.0;5.0;38.0;0.0
react-native-push-notification;6573;35;7;1884.0;4.0;2.0;0.0
OpenSearch;6566;29;2;1010980.0;5.0;141.0;1.0
walle;6563;1;6;4633.0;2.0;6.0;0.5
tomcat;6553;0;11;351646.0;3.0;45.0;1.0
nanohttpd;6546;3;10;7106.0;3.0;16.0;1.0
SDE-Interview-Questions;6523;1;5;5.0;0.0;1.0;0.0
AndroidPerformanceMonitor;6503;0;7;2234.0;3.0;3.0;0.0
javacv;6494;9;8;26674.0;4.0;13.0;1.0
react-native-video;6487;10;7;3384.0;3.0;3.0;0.0
Toasty;6455;19;6;487.0;3.0;2.0;0.0
graylog2-server;6452;0;12;174225.0;6.0;15.0;1.0
mybatis-generator-gui;6421;16;6;3047.0;5.0;4.0;3.0
pentaho-kettle;6408;1;9;763060.0;2.0;18.0;0.0
aeron;6394;84;9;96617.0;4.0;9.0;0.0
RoundedImageView;6384;19;10;1265.0;9.0;3.0;0.0
android-floating-action-button;6376;0;8;1078.0;3.0;5.0;0.0
error-prone;6363;26;8;117549.0;4.0;24.0;0.0
haven;6340;37;6;4561.0;4.0;3.0;1.0
processing;6314;48;10;110008.0;2.0;28.0;0.0
ion;6299;0;9;9443.0;3.0;23.0;0.0
rest-assured;6284;0;12;27766.0;4.0;5.0;0.0
BookReader;6268;0;6;30914.0;2.0;6.0;0.0
ansj_seg;6263;3;10;12021.0;4.0;4.0;0.0
Android-Image-Cropper;6231;32;8;4655.0;4.0;3.0;0.0
rabbitmq-tutorials;6231;0;12;1343.0;4.0;1.0;1.0
flowable-engine;6205;22;6;495257.0;4.0;8.0;1.0
transmittable-thread-local;6175;55;9;6932.0;5.0;9.0;1.0
ysoserial;6163;1;8;3851.0;3.0;5.0;1.0
SwipeBackLayout;6134;0;9;1635.0;3.0;3.0;3.0
netty-socketio;6133;6;11;5742.0;3.0;5.0;0.0
alluxio;6128;59;10;236352.0;5.0;68.0;1.0
MaterialEditText;6115;19;8;3385.0;2.0;2.0;0.0
Android-skin-support;6089;0;6;19377.0;5.0;7.0;1.0
remusic;6073;0;6;47786.0;3.0;7.0;0.0
async-http-client;6072;0;12;28944.0;4.0;8.0;1.0
JFoenix;6072;0;7;24546.0;4.0;12.0;1.0
NumberProgressBar;6039;3;8;380.0;0.5;2.0;0.0
MinecraftForge;6033;0;11;60355.0;5.0;72.0;1.0
material;6028;10;8;27346.0;3.0;9.0;1.0
EffectiveAndroidUI;6025;0;8;1923.0;3.0;3.0;1.0
physical-web;6023;17;8;7481.0;3.0;3.0;0.0
Spring-Cloud-Platform;6014;3;5;6014.0;3.0;5.0;0.0
spring-cloud-examples;6013;0;5;390.0;4.0;2.0;0.0
richeditor-android;5999;0;7;804.0;2.0;3.0;0.0
dynamic-load-apk;5994;0;8;2620.0;3.0;4.0;0.0
mapstruct;5989;26;10;85249.0;2.0;11.0;0.0
zeppelin;5965;0;7;195366.0;3.0;8.0;1.0
xUtils3;5957;9;7;12561.0;3.0;6.0;2.0
androidmvp;5956;0;8;274.0;2.0;2.0;0.0
springBoot;5952;0;6;6250.0;4.0;4.0;0.0
jsonschema2pojo;5941;62;9;14340.0;5.0;4.0;0.0
j2objc;5924;39;9;;;;
KnowStreaming;5887;22;2;30958.0;4.0;5.0;0.0
AndroidPicker;5879;54;7;13186.0;3.0;6.0;0.0
config;5864;0;11;13149.0;3.0;60.0;0.0
from-java-to-kotlin;5862;0;5;37.0;0.5;1.0;0.0
jvm-sandbox;5857;13;5;14407.0;2.0;9.0;0.0
material-calendarview;5849;22;8;3658.0;4.0;4.0;0.0
motan;5841;23;6;40499.0;4.0;7.0;1.0
Leaf;5822;0;4;1305.0;1.5;4.0;0.0
smali;5815;0;10;46762.0;4.0;26.0;1.0
Java-Tutorial;5809;0;4;8.0;0.0;1.0;0.0
springfox;5787;12;10;32115.0;3.0;4.0;0.0
grafika;5775;1;9;10035.0;5.0;5.0;0.0
BoomMenu;5772;0;6;7710.0;4.0;5.0;0.0
graphql-java;5761;49;7;58179.0;5.0;7.0;1.0
springside4;5758;3;11;12842.0;2.0;6.0;1.0
blade;5752;9;7;15300.0;3.0;5.0;0.0
InfiniteCycleViewPager;5744;2;6;3564.0;3.0;6.0;0.0
Ehviewer_CN_SXJ;5743;53;2;51557.0;4.0;16.0;1.0
DiskLruCache;5741;0;11;1937.0;2.5;3.0;3.0
ssm;5730;0;6;369.0;2.0;4.0;1.0
smile;5694;24;8;96650.0;4.0;22.0;1.0
u2020;5688;0;9;4806.0;4.0;7.0;0.5
DiscreteScrollView;5682;2;6;3698.0;2.0;3.0;0.0
springcloud-learning;5678;0;3;13492.0;4.0;4.0;1.0
junit5;5659;59;8;77147.0;3.0;20.0;0.0
FastHub;5653;63;6;40321.0;5.0;6.0;1.0
AndroidImageSlider;5644;5;8;3813.0;2.0;6.0;1.0
circular-progress-button;5642;2;8;1429.0;2.0;3.0;0.0
micronaut-core;5626;152;5;139672.0;4.0;15.0;0.0
aurora-imui;5618;42;6;17789.0;2.5;21.0;0.0
robolectric;5609;89;12;182105.0;4.0;24.0;0.0
ShowcaseView;5608;13;10;2086.0;5.0;4.0;0.0
ListViewAnimations;5603;14;9;5697.0;5.0;6.0;0.0
tcc-transaction;5588;6;7;22392.0;3.0;6.0;1.0
FlowLayout;5566;0;7;810.0;3.0;3.0;0.0
disconf;5547;12;8;14009.0;3.0;7.0;0.0
Fast-Android-Networking;5541;8;6;19596.0;2.0;18.0;1.0
StickyListHeaders;5527;16;11;2112.0;3.0;3.0;0.0
AndroidProject;5510;17;4;20468.0;4.0;12.0;1.0
mosby;5493;15;7;17138.0;3.0;10.0;0.0
freeline;5487;22;6;5357.0;3.0;14.0;1.0
HTextView;5481;0;7;3076.0;2.0;3.0;0.0
quartz;5470;2;7;42015.0;3.0;6.0;1.0
useful-java-links;5468;0;7;5967.0;2.0;2.0;0.0
byte-buddy;5462;265;9;273951.0;4.0;43.0;0.0
baritone;5460;67;4;18298.0;4.0;6.0;1.0
itstack-demo-design;5458;0;2;3985.0;2.0;3.0;0.0
rebound;5455;10;9;4095.0;2.0;3.0;0.0
barcodescanner;5453;6;9;2796.0;2.0;5.0;0.0
GmsCore;5433;29;8;37689.0;4.0;14.0;0.0
ksql;5433;8;6;205622.0;5.0;9.0;0.0
SwipeRecyclerView;5428;0;6;11090.0;3.0;6.0;0.0
wiremock;5420;9;11;42399.0;3.0;8.0;0.0
react-native-splash-screen;5407;12;6;246.0;2.5;2.0;0.5
android-job;5385;31;7;10693.0;4.0;30.0;1.0
SystemBarTint;5383;3;9;807.0;7.0;3.0;1.0
zxing-android-embedded;5367;9;10;5169.0;4.0;5.0;1.0
btrace;5362;30;8;39576.0;4.0;9.0;0.0
Blurry;5361;0;7;636.0;3.5;1.0;0.0
dubbo-spring-boot-project;5358;13;5;1908.0;6.0;2.0;0.0
jOOQ;5348;0;11;247857.0;7.0;36.0;4.0
scribejava;5335;9;12;12671.0;3.0;6.0;1.0
hibernate-orm;5323;16;12;828551.0;5.0;30.0;1.0
XRecyclerView;5321;0;7;5151.0;2.0;4.0;0.0
gradle-retrolambda;5317;37;9;623.0;3.0;2.0;0.0
cw-omnibus;5309;36;11;71119.0;4.0;10.0;0.0
MagicCamera;5299;0;7;14543.0;3.0;8.0;0.0
hazelcast;5278;182;10;1036528.0;4.0;580.0;1.0
VitamioBundle;5274;0;10;6501.0;3.0;4.0;0.0
TapTargetView;5250;23;6;1948.0;2.0;3.0;0.0
twoway-view;5250;0;10;3688.0;4.0;6.0;1.0
wechat;5246;0;7;34426.0;3.0;6.0;0.0
android-advancedrecyclerview;5245;1;8;20692.0;4.0;25.0;0.0
FloatingActionButton;5234;14;7;2805.0;2.0;5.0;0.0
gephi;5230;19;11;125020.0;3.0;20.0;0.0
lanproxy;5223;1;6;2668.0;3.0;4.0;0.0
android-lifecycle;5217;0;8;481.0;7.5;2.0;190.0
Side-Menu.Android;5212;2;8;449.0;2.0;2.0;0.0
titan;5212;0;11;71163.0;3.0;7.0;1.0
Android-ZBLibrary;5211;25;7;14602.0;3.0;5.0;0.0
Aria;5193;26;7;42723.0;4.0;7.0;1.0
otto;5191;0;10;1987.0;1.0;5.0;0.0
Dexter;5187;33;7;2197.0;3.0;5.0;0.0
Aegis;5167;51;6;19283.0;5.0;8.0;1.0
Discovery;5162;126;4;25842.0;4.0;6.0;1.0
AndroidVideoCache;5161;20;7;3217.0;3.0;4.0;1.0
kafka-ui;5151;20;3;14980.0;5.0;7.0;0.0
vavr;5147;16;9;64395.0;5.0;9.0;1.0
java-jwt;5146;43;9;8775.0;3.5;6.0;1.0
SoloPi;5144;8;4;56327.0;2.0;7.0;0.0
shimmer-android;5139;5;8;885.0;9.0;3.0;10.0
PowerJob;5097;38;2;18320.0;4.0;5.0;0.0
socket.io-client-java;5084;5;9;5646.0;1.0;4.0;0.0
ctci;5078;0;9;11244.0;2.0;5.0;1.0
generator;5052;11;10;72610.0;5.0;7.0;3.0
Small;5024;25;7;7726.0;2.0;7.0;0.0
drools;5022;0;12;735945.0;4.0;59.0;1.0
UltraViewPager;5015;10;5;1518.0;2.0;2.0;0.0
android-common;5012;1;10;6671.0;3.0;4.0;1.0
InstaMaterial;5010;1;8;2223.0;2.0;4.0;0.0
HMCL;4996;188;7;56713.0;4.0;13.0;1.0
uid-generator;4991;0;5;873.0;1.0;4.0;1.0
spring-mvc-showcase;4987;0;11;1281.0;5.0;3.0;0.0
dialogplus;4986;9;8;1047.0;3.0;2.0;0.0
google-authenticator;4978;0;8;3935.0;2.0;9.0;1.0
EdXposed;4976;27;4;71794.0;4.0;13.0;1.0
RxJava2-Android-Samples;4968;0;6;3992.0;2.0;3.0;0.0
gnirehtet;4963;11;6;4330.0;2.0;3.0;1.0
android-zxingLibrary;4958;0;6;2018.0;3.0;3.0;0.0
GravitySnapHelper;4953;14;6;610.0;4.5;3.0;1.0
RippleEffect;4949;0;8;504.0;2.0;2.0;0.0
NavigationTabBar;4932;13;6;2538.0;2.0;4.0;0.5
smartTable;4929;44;5;14165.0;2.0;4.0;0.0
lettuce-core;4926;105;8;79798.0;4.0;20.0;0.0
JS-Sorting-Algorithm;4915;0;6;389.0;3.0;1.0;0.5
LayoutManagerGroup;4911;0;4;2285.0;3.0;3.0;0.0
DependencyCheck;4905;49;10;39474.0;5.0;8.0;3.0
BasePopup;4899;15;7;28287.0;3.0;10.0;1.0
folding-cell-android;4889;0;6;812.0;2.0;2.0;0.0
google-java-format;4886;18;7;12431.0;3.5;6.0;1.0
FastBle;4879;9;6;4713.0;2.0;4.0;0.0
joda-time;4874;42;11;91497.0;6.0;17.0;10.0
Transitions-Everywhere;4858;23;8;9485.0;5.0;11.0;0.0
okdownload;4840;8;5;18986.0;4.0;6.0;0.0
packer-ng-plugin;4821;1;7;1776.0;2.0;4.0;1.0
lucida;4820;0;8;23221.0;5.0;5.0;1.0
SpringBootVulExploit;4802;0;2;258.0;3.0;1.0;0.0
opentsdb;4800;26;12;103458.0;4.0;16.0;0.0
groovy;4798;0;7;;;;
lamp-cloud;4797;0;5;9651.0;7.0;3.0;0.0
incubator-seatunnel;4795;40;5;84800.0;4.0;7.0;0.0
hbase;4793;31;8;906856.0;5.0;106.0;1.0
api-samples;4787;0;9;2541.0;7.0;1.0;0.0
AndroidStaggeredGrid;4774;7;9;4010.0;3.0;7.0;0.5
camel;4765;0;13;1575811.0;3.0;444.0;0.0
janusgraph;4763;24;6;92760.0;4.0;11.0;1.0
CloudReader;4759;25;6;19378.0;3.0;10.0;0.0
Android-ConvenientBanner;4750;0;8;848.0;3.0;3.0;1.0
AntennaPod;4747;48;10;48004.0;5.0;8.0;1.0
cameraview;4742;0;6;2983.0;3.0;3.0;0.0
spring-data-examples;4734;0;9;50100.0;2.0;4.0;0.0
springboot-guide;4724;0;4;1522.0;3.0;4.0;0.0
ActiveAndroid;4708;0;10;3158.0;3.0;6.0;3.0
hive;4704;0;13;1994640.0;4.0;47.0;1.0
spring-cloud-netflix;4699;3;8;7430.0;6.0;5.0;0.0
cardslib;4695;27;9;32257.0;4.0;20.0;0.0
baseAdapter;4695;0;7;1563.0;3.0;3.0;0.0
Luyten;4678;17;9;6750.0;1.0;11.0;0.0
sofa-boot;4675;62;4;25667.0;4.0;5.0;0.0
mapdb;4663;0;10;20198.0;2.0;54.0;0.0
MaterialDateTimePicker;4661;54;8;7536.0;5.0;3.0;1.0
android-tips-tricks;4655;0;6;22.0;1.0;1.0;0.0
chuck;4637;5;6;1698.0;4.0;4.0;0.5
views-widgets-samples;4635;0;3;7344.0;2.0;9.0;0.0
spring-security-oauth;4632;0;11;35204.0;4.0;24.0;0.0
Recaf;4628;168;5;;;;
SwitchButton;4622;0;8;1549.0;2.0;3.0;0.0
v9porn;4619;9;4;24718.0;3.0;5.0;0.0
sqlbrite;4599;9;8;3329.0;2.0;6.0;0.0
javaparser;4596;40;11;119953.0;5.0;20.0;1.0
reactive-streams-jvm;4588;0;9;15248.0;3.0;7.0;0.0
CameraView;4582;42;5;2983.0;3.0;3.0;0.0
go-lang-idea-plugin;4581;21;12;45363.0;6.0;24.0;3.0
cglib;4580;15;8;17670.0;1.0;15.0;0.0
JAViewer;4578;10;6;6309.0;4.0;7.0;0.0
spring-boot-projects;4577;0;5;2606.0;3.0;4.0;1.0
Depth-LIB-Android-;4576;0;6;3771.0;2.0;3.0;0.0
SimplifyReader;4574;0;7;34709.0;2.0;7.0;0.0
gpmall;4572;0;3;8865.0;3.0;5.0;0.0
orientdb;4571;198;10;492712.0;5.0;7.0;1.0
PageIndicatorView;4568;14;6;3532.0;4.0;4.0;1.0
PLDroidPlayer;4565;42;7;5878.0;2.0;3.0;0.0
thumbnailator;4560;0;7;19311.0;2.0;7.0;0.0
bottomsheet;4545;10;7;2578.0;3.0;4.0;0.0
Douya;4543;11;7;44643.0;4.0;14.0;1.0
web3j;4538;101;6;37052.0;2.0;46.0;0.0
android-crop;4538;6;9;1676.0;1.0;3.0;0.0
bitcoinj;4529;1;9;67962.0;4.0;44.0;1.0
datax-web;4527;5;3;13801.0;3.0;5.0;0.0
Spring-Boot-In-Action;4520;0;4;2714.0;3.0;4.0;0.0
NineOldAndroids;4512;0;11;7585.0;2.0;4.0;0.0
linuxdeploy;4509;37;10;2693.0;5.0;2.0;3.0
pig;4506;10;3;18066.0;4.0;5.0;0.0
xManager;4503;40;2;34782.0;1.0;6.0;0.0
roncoo-pay;4496;0;6;19910.0;3.0;5.0;3.0
quasar;4492;18;9;52770.0;2.0;13.0;0.0
shopping-management-system;4490;0;7;5353.0;3.0;4.0;3.0
FirebaseUI-Android;4487;65;7;13829.0;7.0;17.0;1.0
bilibili-android-client;4469;1;6;38892.0;3.0;6.0;3.0
reactor-core;4458;133;7;;;;
dexposed;4456;0;7;2414.0;2.0;6.0;0.0
pinot;4455;16;8;358840.0;5.0;32.0;1.0
android-times-square;4441;0;10;2286.0;4.0;4.0;0.0
YCSB;4439;55;12;22046.0;3.0;5.0;0.0
SmoothProgressBar;4438;9;9;2208.0;3.0;3.0;0.0
react-native-config;4429;22;7;428.0;4.0;3.0;1.0
DKVideoPlayer;4425;32;5;18446.0;2.0;6.0;0.0
android-mvp-architecture;4419;0;6;4049.0;3.0;5.0;0.0
reflections;4419;3;9;4931.0;1.0;5.0;0.0
JGrowing;4413;0;4;329.0;1.0;1.0;1.0
ribbon;4397;41;10;21788.0;2.0;6.0;0.0
ignite;4394;0;8;1148020.0;3.0;59.0;0.0
AmazeFileManager;4379;65;8;32873.0;4.0;10.0;0.0
rocketmq-externals;4375;0;6;9950.0;4.0;4.0;0.0
crawler4j;4368;3;11;4736.0;4.0;3.0;1.0
kafdrop;4363;44;3;3848.0;3.0;4.0;0.0
dddsample-core;4362;0;8;4736.0;4.0;4.0;0.0
Android-IMSI-Catcher-Detector;4360;48;9;12171.0;3.0;4.0;0.0
xpay;4347;0;5;1449.0;5.0;1.0;1.0
BottomNavigation;4341;16;6;2091.0;5.5;4.0;4.5
GT;4333;3;7;55663.0;2.0;6.0;0.0
leet-code;4328;0;7;2109.0;2.0;1.0;0.0
easy-rules;4323;10;10;4857.0;4.0;5.0;1.0
android-volley;4313;0;9;4965.0;3.0;31.0;0.0
ticker;4310;9;6;1581.0;4.0;4.0;0.0
IJPay;4308;24;5;13601.0;5.0;3.0;0.0
BGARefreshLayout-Android;4296;4;7;5450.0;3.0;4.0;1.0
Robust;4296;13;6;2953.0;2.0;3.0;3.5
coursera-android;4281;0;9;18164.0;4.0;5.0;0.0
libsvm;4280;0;9;3152.0;1.5;5.0;0.0
DeepLinkDispatch;4269;22;7;8549.0;5.0;2.0;0.0
mybatis;4267;0;8;39118.0;2.0;7.0;0.0
ImagePicker;4263;5;7;3685.0;3.0;4.0;0.0
SpringBoot-Shiro-Vue;4260;0;5;633.0;6.0;4.0;0.0
bisq;4257;130;9;169450.0;4.0;18.0;1.0
vespa;4248;65;6;;;;
azkaban;4226;48;10;92420.0;4.0;7.0;1.0
XUI;4224;22;4;89659.0;3.0;9.0;1.0
android-autofittextview;4222;1;12;470.0;4.0;2.0;1.5
JSON-java;4219;17;12;10445.0;1.0;5.0;1.0
JSqlParser;4217;30;11;33084.0;4.0;5.0;3.0
rstudio;4211;0;12;217936.0;3.0;13.0;0.0
react-native-webrtc;4201;60;7;3696.0;3.0;2.0;0.0
java-algorithms-implementation;4199;0;9;31758.0;3.0;41.0;0.0
ShineButton;4197;2;6;988.0;2.0;4.0;0.0
pmd;4193;85;10;120956.0;4.0;28.0;1.0
JimuReport;4192;5;3;86.0;5.0;1.0;0.0
tx-lcn;4189;14;5;7772.0;4.0;4.0;0.0
spring-authorization-server;4187;23;2;27193.0;7.0;10.0;1.0
querydsl;4175;34;11;98628.0;3.0;23.0;0.0
GCViewer;4174;5;11;20257.0;4.0;24.0;1.0
JKeyboardPanelSwitch;4170;14;7;1736.0;3.0;2.0;0.0
XXPermissions;4164;53;4;3676.0;3.0;8.0;0.0
armeria;4163;213;7;229376.0;5.0;24.0;0.0
CoordinatorTabLayout;4155;0;6;473.0;3.0;2.0;0.0
picocli;4153;80;6;94079.0;2.0;76.0;0.0
objectbox-java;4151;35;6;21610.0;4.0;24.0;0.0
InternetArchitect;4141;0;3;44604.0;3.0;14.0;0.0
starrocks;4140;55;1;396906.0;4.0;26.0;0.0
BGABanner-Android;4140;0;8;2123.0;3.0;3.0;1.0
moco;4136;0;10;16739.0;5.0;7.0;1.0
AndroidHttpCapture;4132;1;6;15905.0;3.0;4.0;0.0
lwjgl3;4130;16;10;819719.0;6.0;18.0;66.0
CircleIndicator;4129;7;8;1712.0;5.0;3.0;1.0
OpenHub;4128;31;5;24549.0;4.0;9.0;1.0
simplify;4127;9;9;21150.0;8.0;4.0;0.0
AndroidWiFiADB;4123;8;7;1096.0;2.0;5.0;0.0
StepView;4114;13;6;906.0;7.0;3.0;0.0
java-learning;4100;0;7;10984.0;1.0;4.0;0.0
Tangram-Android;4096;38;5;24338.0;3.0;6.0;0.0
epic;4070;5;5;5127.0;3.0;3.0;1.0
runelite;4069;0;6;207897.0;3.0;10.0;0.0
mockserver;4069;0;10;65134.0;5.0;7.0;1.0
FloatWindow;4066;9;5;1473.0;2.0;3.0;1.0
javacpp;4065;9;8;25716.0;4.0;13.0;0.0
LoadingDrawable;4061;0;6;4428.0;4.0;3.0;1.0
JustTrustMe;4059;1;8;556.0;1.5;2.0;0.0
shiro;4057;0;13;35910.0;3.0;11.0;1.0
graphhopper;4056;40;11;94218.0;4.0;8.0;0.0
ViewPagerCards;4054;0;6;240.0;6.0;2.0;0.0
Phoenix;4041;1;8;976.0;2.5;4.0;0.0
AndroidTutorialForBeginners;4037;0;6;3957.0;4.0;4.0;0.0
Gadgetbridge;4035;0;8;126345.0;3.0;21.0;0.0
concurrent;4023;0;4;;;;
ExpandableTextView;4021;4;8;552.0;4.0;5.0;0.0
java-faker;4021;0;11;6710.0;4.0;2.0;0.0
Bolts-Android;4013;11;9;5144.0;2.0;4.0;0.0
iceberg;3998;9;4;253681.0;6.0;28.0;1.0
hudi;3998;21;6;189275.0;6.0;17.0;1.0
BadgeView;3992;5;6;1759.0;2.0;3.0;0.0
frontend-maven-plugin;3984;0;9;2960.0;3.0;4.0;1.0
powermock;3983;16;8;32976.0;2.0;7.0;0.0
microservices-platform;3980;29;4;8526.0;5.0;4.0;0.0
traccar;3978;42;10;62001.0;4.0;5.0;0.0
hmily;3970;0;5;26523.0;4.0;5.0;0.0
CC;3969;0;5;4599.0;4.0;5.0;0.0
QLExpress;3969;2;5;12147.0;3.0;6.0;0.0
RxJavaSamples;3963;3;6;1001.0;3.0;3.0;0.0
jodd;3962;37;10;26882.0;3.0;24.0;0.0
TwinklingRefreshLayout;3960;0;7;6273.0;2.0;4.0;0.0
ForestBlog;3959;0;5;2437.0;3.0;2.0;0.0
killbill;3949;137;10;146482.0;6.0;8.0;1.0
XCL-Charts;3948;0;8;23397.0;3.0;5.0;4.0
jstorm;3939;22;9;296316.0;4.0;67.0;1.0
usb-serial-for-android;3938;24;9;6759.0;6.0;5.0;1.0
greys-anatomy;3924;0;10;10774.0;3.0;4.0;0.0
spring-cloud-gateway;3924;1;6;26251.0;6.0;8.0;0.0
hawk;3921;22;8;834.0;2.0;2.0;1.0
BigImageViewer;3915;0;6;2513.0;3.0;4.0;1.0
android-iconify;3910;0;9;909.0;3.0;2.0;1.0
dynamic-datasource-spring-boot-starter;3905;10;4;3387.0;4.0;4.0;0.0
sodium-fabric;3902;19;3;12542.0;4.0;3.0;1.0
failsafe;3899;0;7;9996.0;6.0;12.0;1.0
PojavLauncher;3883;123;3;35166.0;3.0;10.0;1.0
Conductor;3873;21;6;46264.0;5.0;4.0;0.0
malmo;3865;21;6;19130.0;5.0;41.0;1.0
dragonwell8;3857;22;4;;;;
ahbottomnavigation;3855;14;6;2339.0;2.0;2.0;0.0
SmartCropper;3845;13;5;1004.0;3.0;2.0;0.0
learning-spark;3837;0;8;2295.0;2.0;2.0;0.0
tiny-spring;3835;0;9;1543.0;2.0;3.0;0.0
MusicBot;3829;34;6;3739.0;6.0;14.0;1.0
micrometer;3825;177;5;60965.0;4.0;8.0;0.0
jitsi;3824;7;9;196525.0;3.0;103.0;0.0
spring-boot-starter;3823;26;7;4334.0;4.0;4.0;0.0
opengrok;3819;214;10;67631.0;3.0;7.0;1.0
MaterialSearchView;3819;6;7;1361.0;2.0;3.0;1.0
jetcache;3815;62;5;17425.0;4.0;6.0;0.0
RichText;3803;0;7;5185.0;2.0;5.0;0.0
--;3801;0;2;26884.0;3.0;4.0;6.0
roboguice;3794;0;10;74026.0;3.0;41.0;0.0
open-location-code;3788;5;8;2250.0;3.0;3.0;0.0
Geyser;3786;0;3;37960.0;6.0;10.0;1.0
GuideView;3785;0;6;1246.0;2.0;4.0;1.0
javassist;3779;21;9;82714.0;1.0;19.0;0.0
small-spring;3775;0;1;10379.0;2.0;9.0;0.0
sticky-headers-recyclerview;3750;0;8;808.0;2.0;3.0;0.0
CircleProgress;3749;0;8;1451.0;6.0;4.0;1.0
flink-recommandSystem-demo;3741;0;3;1835.0;3.0;2.0;1.0
liquibase;3741;83;11;94522.0;4.0;7.0;3.0
NekoX;3738;186;2;1124519.0;3.0;1497.0;0.0
DesignPattern;3734;0;6;2603.0;2.0;2.0;0.0
TVBoxOSC;3726;0;0;22428.0;3.0;7.0;0.0
Launcher3;3724;22;5;60130.0;3.0;8.0;0.0
spruce-android;3715;3;6;4269.0;3.0;5.0;0.0
calcite;3714;0;8;319052.0;5.0;72.0;1.0
MarqueeView;3713;0;6;804.0;4.0;2.0;0.0
SuperTextView;3713;39;6;4002.0;2.0;3.0;0.0
hippo4j;3711;17;1;20240.0;3.0;5.0;0.0
NoHttp;3711;0;7;8428.0;3.0;4.0;1.0
strimzi-kafka-operator;3708;114;6;118317.0;7.0;16.0;1.0
interviewGuide;3701;0;6;;;;
tech-weekly;3692;0;4;996;1.0;2;0.0
XposedInstaller;3685;0;10;8980;2.0;6;0.0
flink-cdc-connectors;3677;11;2;38868;4.0;5;0.0
andOTP;3675;38;5;8443;3.0;6;0.0
ASimpleCache;3668;0;9;1993;2.0;3;0.0
keepass2android;3667;22;5;66825;3.0;19;1.0
novel;3667;8;3;4167;2.0;4;0.0
nifi;3664;0;8;687062;4.0;12;1.0
sofa-rpc;3664;52;4;68187;3.0;5;0.0
DataMiningAlgorithm;3661;0;8;11663;2.0;3;0.0
jetlinks-community;3659;16;3;38656;6.0;6;0.0
StylishMusicPlayer;3656;0;6;5777;3.0;4;0.0
bistoury;3651;8;3;73638;3.0;9;1.0
incubator-heron;3649;56;7;70465;4.0;9;1.0
h2database;3638;18;7;226904;4.0;35;3.0
XChange;3633;0;11;156026;4.0;8;0.0
crate;3631;59;9;439140;5.0;14;1.0
oshi;3625;138;11;31259;4.0;19;1.0
xboot;3624;6;4;10265;6.0;4;0.0
wgcloud;3624;17;4;6105;3.0;2;21.0
CustomActivityOnCrash;3622;12;8;893;4.0;2;0.0
mpush;3620;9;6;15032;3.0;4;1.0
jpexs-decompiler;3613;146;8;278646;3.0;111;1.0
blurkit-android;3610;3;6;497;5.0;3;0.0
rejoiner;3608;3;5;3566;5.0;8;0.0
emojicon;3607;2;9;2971;4.0;4;0.0
atmosphere;3607;0;12;41883;4.0;9;1.0
ExplosionField;3589;0;7;343;2.0;2;0.0
ChatKit;3589;1;6;4680;3.0;47;0.0
Ant-Media-Server;3588;43;6;78159;2.0;6;1.0
OsmAnd;3587;1;12;598506;4.0;121;1.0
TelegramBots;3586;77;7;17143;7.0;5;0.0
Guns;3584;0;5;328;6.0;2;0.0
maxwell;3582;198;8;17374;4.0;4;0.0
android-stackblur;3582;0;9;933;0.0;4;0.0
DropDownMenu;3581;2;7;513;3.0;2;0.0
parceler;3572;0;9;10156;3.0;23;0.0
library;3567;0;4;1770;5.0;4;0.0
TinyPinyin;3567;2;7;1401;1.0;3;0.0
JDA;3560;69;7;52780;6.0;6;3.0
LiveEventBus;3559;0;4;7782;2.0;3;0.0
Store;3557;0;6;11288;5.0;52;1.0
BackgroundLibrary;3554;13;4;8029;4.0;2;0.0
jacoco;3551;44;10;33301;3.0;7;0.0
Skeleton;3550;0;5;752;3.0;3;0.0
effective-java-3e-source-code;3546;0;4;3018;1.0;5;0.0
Leetcode;3544;0;6;3683;2.0;2;0.0
RecyclerViewPager;3544;10;8;2735;2.0;4;0.0
DSBridge-Android;3543;2;6;1841;2.0;2;0.0
retrolambda;3542;0;9;4848;1.0;7;0.0
floatingsearchview;3536;0;7;4170;2.0;3;0.0
SwipeDelMenuLayout;3529;2;6;1085;2.0;2;0.0
aviatorscript;3528;49;11;36326;4.0;5;1.0
maven;3526;5;13;71767;4.0;22;1.0
ThreeTenABP;3525;0;7;117;4.0;2;0.0
MagicaSakura;3524;3;6;5367;7.5;11;3.0
Play-with-Algorithms;3519;0;6;5287;2.0;2;0.0
FlexibleAdapter;3517;30;7;15853;4.0;8;1.0
jeepay;3515;0;5;16059;7.0;4;0.0
jetty.project;3515;61;11;394577;4.0;30;0.0
SwipeMenuListView;3514;2;8;1347;2.0;4;1.0
hackpad;3503;0;7;87731;3.0;11;1.0
QR-Code-generator;3498;3;6;1825;3.0;5;1.0
chunjun;3495;30;4;87541;4.0;12;1.0
Music-Player;3493;2;6;926;3.5;4;0.5
GeekNews;3490;0;6;11939;2.0;5;0.0
Terasology;3478;69;12;114299;4.0;14;0.0
groupie;3478;28;6;3898;3.0;5;0.0
databus;3475;0;10;124341;3.0;15;0.0
AppUpdate;3474;3;5;2925;3.0;3;1.0
netty-learning;3471;0;9;68759;4.0;14;1.0
light-4j;3471;159;6;59942;3.0;7;0.0
mall4j;3471;1;3;6741;4.0;4;0.0
SeeWeather;3465;2;7;3101;3.0;10;1.0
MifareClassicTool;3451;2;10;6514;9.0;3;3.0
openhab1-addons;3451;14;9;359292;3.0;41;0.0
blog_demos;3443;0;5;51934;3.0;16;0.0
kylin;3440;0;8;128075;3.0;7;1.0
android-maps-utils;3432;32;9;12045;5.0;6;1.0
giffun;3428;0;4;22397;3.0;6;1.0
lilishop;3424;3;1;40577;5.0;4;0.0
data-transfer-project;3422;55;5;25141;4.0;5;0.0
SSM;3421;10;6;369;2.0;4;1.0
Linkage-RecyclerView;3421;0;3;2552;5.0;3;1.0
android-priority-jobqueue;3410;0;8;14102;3.0;11;0.0
android-butterknife-zelezny;3405;8;9;1626;3.0;7;0.0
austin;3398;0;1;5680;5.0;4;0.0
AlgoDS;3389;0;6;21217;1.0;2;0.0
Android-Week-View;3388;4;8;2003;2.0;3;0.0
vertx-examples;3386;0;8;10175;5.0;2;1.0
BottomNavigationViewEx;3370;19;6;1371;3.0;3;0.0
Android;3358;0;9;1387;4.5;3;1.0
MyBatis-Spring-Boot;3358;0;7;396;4.5;2;0.0
typedb;3355;94;6;76411;6.0;32;1.0
LoadSir;3352;6;5;1481;3.0;3;0.0
PreviewSeekBar;3347;8;6;1171;2.0;2;1.0
awaitility;3347;0;13;5233;1.0;4;0.0
jmonkeyengine;3346;54;8;193074;3.0;10;0.0
archi;3346;0;7;2029;3.5;2;0.0
IDDD_Samples;3346;0;9;28475;3.0;12;5.0
ripme;3344;126;6;19824;4.0;6;3.0
LQRWeChat;3343;0;6;17612;2.0;4;1.0
java-eight-part;3343;0;2;;;;
spock;3340;21;12;21142;3.0;18;1.0
spotless;3328;0;7;30313;4.0;18;1.0
ScalingLayout;3322;4;5;631;2.0;2;0.0
DDComponentForAndroid;3320;4;5;1449;2.0;3;0.0
99-problems;3316;0;7;2057;2.0;1;0.0
AndServer;3315;0;6;12033;3.0;5;1.0
undertow;3313;0;10;155855;3.0;16;0.0
libstreaming;3312;0;10;6798;2.0;5;0.0
mini-spring;3311;0;2;2472;2.0;5;0.0
android;3311;207;6;1387;4.5;3;1.0
actor-platform;3309;97;7;134646;3.0;6;0.0
NewbieGuide;3306;20;5;1896;3.0;3;0.0
Alink;3303;20;4;460938;5.0;18;0.0
volley;3300;9;6;9296;2.0;31;0.0
NullAway;3298;0;5;17916;2.0;5;0.0
ByteLegend;3297;0;2;104032;7.0;2;20.0
http-request;3295;0;11;4876;2.0;9;0.0
react-native-share;3294;97;7;1664;3.0;3;8.0
AutoDispose;3289;2;6;5395;6.0;5;1.0
java-tron;3286;71;5;232054;9.0;64;0.0
android-hidden-api;3274;1;7;480;8.5;1;0.5
JavaEETest;3255;0;6;2133;3.0;3;0.0
igniter;3251;33;4;6122;2.0;3;0.0
Android-BluetoothKit;3249;0;7;8347;2.0;3;0.0
hope-boot;3246;2;4;2870;4.0;5;0.0
LeafPic;3246;7;7;13594;3.0;7;1.0
immutables;3243;9;9;67228;3.0;21;0.0
IoT-Technical-Guide;3237;0;3;5235;3.0;4;0.0
jackson-databind;3234;0;11;148890;2.0;45;0.0
android-saripaar;3233;3;10;4723;3.0;5;0.0
spring-cloud-kubernetes;3233;3;6;23580;6.0;5;0.0
pixel-dungeon;3232;0;8;38623;4.0;13;1.0
serve;3231;16;3;12924;2.0;5;3.0
Android-Tips;3230;0;7;177;0.0;1;1.0
LoganSquare;3227;0;8;6892;3.0;5;0.0
ffmpeg-android-java;3226;8;8;1306;1.0;3;1.0
jvm-serializers;3222;0;12;31287;5.0;10;1.0
ChipsLayoutManager;3222;11;6;6101;3.5;6;0.0
UETool;3220;10;4;4165;4.0;18;0.0
kestra;3216;16;3;23438;6.0;6;0.0
RxAndroidBle;3213;56;7;14992;3.0;6;0.0
java-developer-roadmap;3212;0;3;5;0.0;1;0.0
drag-sort-listview;3206;0;10;4301;2.0;6;0.0
BubbleSeekBar;3202;12;6;1958;2.0;3;1.0
AndroidViewHover;3202;4;8;712;2.0;3;1.0
boxing;3199;1;6;5910;4.0;5;1.0
GalleryFinal;3199;4;7;7997;3.0;5;1.0
jfinal;3190;0;10;31852;3.0;9;1.0
jvm-tools;3187;0;10;32343;3.0;9;0.0
JCTools;3186;16;9;34705;3.0;18;0.0
ipscan;3185;30;11;12563;3.0;24;0.0
cobar;3184;1;9;63193;3.0;9;1.0
GDA-android-reversing-Tool;3180;34;5;567;2.5;1;0.0
camunda-bpm-platform;3179;0;10;527544;4.0;22;1.0
red5-server;3179;73;9;60726;3.0;6;1.0
ActionBar-PullToRefresh;3177;0;9;3717;5.0;4;1.0
TextDrawable;3174;0;8;824;3.0;3;0.0
network-connection-class;3170;2;7;650;2.5;3;0.0
afinal;3169;0;10;6971;2.0;5;0.0
tablesaw;3167;79;7;47810;4.0;6;1.0
GsonFormat;3165;4;8;5684;1.0;7;0.0
StickerCamera;3159;0;7;14361;2.0;29;0.0
librec;3158;3;9;30216;6.0;8;1.0
migration;3157;0;3;101;1.0;1;0.0
Cockroach;3154;1;6;1562;3.0;2;0.0
bitcoin-wallet;3154;18;10;18207;4.0;8;0.0
AndEngine;3154;0;11;33585;2.0;7;1.0
poi-tl;3148;13;7;22340;4.0;4;0.0
allure2;3145;56;6;7303;4.0;5;1.0
logisim-evolution;3141;29;8;152464;4.0;30;1.0
megabasterd;3140;178;6;19924;1.0;6;0.0
leetcode-editor;3138;41;3;13236;4.0;9;0.0
VideoPlayerManager;3135;0;7;4228;3.0;4;0.0
sofa-jraft;3135;25;4;145440;3.0;18;1.0
citypicker;3134;4;6;6571;2.0;3;0.0
native-navigation;3132;0;6;4473;3.0;5;0.0
animate;3129;0;7;1706;6.0;4;1.0
Highlight;3127;0;7;964;2.0;2;0.0
Java8InAction;3122;0;9;3724;1.0;3;0.0
android-adDialog;3115;0;6;1607;2.5;3;0.0
requery;3114;43;7;23679;3.0;8;0.0
db-tutorial;3113;0;5;6973;4.0;4;0.0
PRDownloader;3104;5;5;4709;1.0;3;0.0
BannerViewPager;3098;55;5;3132;3.0;4;0.0
iotdb;3092;28;4;406302;5.0;41;1.0
brigadier;3091;3;8;4012;5.0;3;0.0
geoserver;3077;26;11;636651;5.0;68;1.0
lombok-intellij-plugin;3074;116;9;37084;2.0;12;0.0
initializr;3072;13;9;27667;4.0;5;1.0
CityPicker;3065;2;7;6571;2.0;3;0.0
RxEasyHttp;3062;0;5;11670;3.0;4;0.0
screw;3059;0;2;3933;3.0;5;0.0
djl;3059;22;3;76111;5.0;7;3.0
RecyclerViewItemAnimators;3059;0;8;2088;3.0;3;1.0
MarsDaemon;3059;0;7;1010;2.0;3;0.0
BlurView;3058;26;6;708;2.5;3;2.0
openj9;3057;36;5;623108;2.0;48;0.0
android-mvp-mvvm-flytour;3057;11;4;21364;1.0;5;0.0
ShapeOfView;3050;0;5;2078;3.0;4;1.0
sofa-jarslink;3049;2;5;948;3.0;2;0.0
TableView;3044;12;5;5170;4.0;8;1.0
My-Blog;3043;0;4;2411;3.0;4;5.0
yanxuan-weex-demo;3041;0;5;15894;0.0;4;0.0
ViewpagerTransition;3035;1;6;588;2.0;4;0.0
QNotified;3031;28;3;35499;4.0;7;0.0
Crouton;3028;8;10;1454;5.0;3;1.0
logging-log4j2;3025;0;9;166564;4.0;55;1.0
android-viewbadger;3022;0;11;563;2.0;3;0.0
WePush;3013;50;5;20209;3.0;7;1.0
android-process-button;3013;1;8;941;4.5;4;1.0
shopizer;3009;18;10;53577;4.0;6;2.0
Carbon;3008;2;8;38604;3.0;7;1.0
SlidingRootNav;3006;1;5;971;3.0;4;0.0
dexcount-gradle-plugin;3006;21;7;2472;3.0;4;1.0
LikeButton;3001;14;7;781;4.5;2;1.0
DraggablePanel;3001;10;8;1975;4.0;3;1.0
AndroidChromium;3001;2;6;139119;3.0;21;0.0
booksource;3001;0;6;4992;2.0;3;0.0
react-native-fbsdk;2996;22;7;1241;5.5;4;1.0
RoaringBitmap;2996;9;9;71413;5.0;7;1.0
yuicompressor;2993;1;14;6075;2.0;4;8.0
linkis;2989;28;3;74434;2.0;6;1.0
spotbugs;2988;57;6;192872;2.0;15;0.0
bundletool;2988;50;4;49790;7.0;29;6.0
DeepLearning;2983;0;10;1083;4.0;2;0.0
MultiImageSelector;2981;2;7;1425;3.0;2;0.0
jwt-spring-security-demo;2976;3;6;549;4.0;2;0.0
light-task-scheduler;2974;29;8;45904;3.0;6;0.0
AxonFramework;2973;109;11;120337;4.0;16;0.0
helidon;2972;70;4;293831;4.0;28;1.0
guide-rpc-framework;2969;0;2;1560;4.0;4;0.0
RealtimeBlurView;2969;0;6;676;4.0;5;0.0
robospice;2968;1;10;14955;4.0;8;0.0
Nuwa;2964;0;7;130;3.5;2;0.0
react-native-notifications;2961;24;6;1543;4.0;3;1.0
WebCollector;2958;0;8;4617;3.0;9;1.0
optaplanner;2944;0;12;154569;5.0;23;1.0
AndroidTreeView;2939;0;8;2145;4.0;3;0.0
IntelliJ-Key-Promoter-X;2938;23;5;1124;5.0;6;0.0
Digital;2936;34;6;75583;4.0;36;0.0
AndroidTVLauncher;2935;3;6;1086;4.0;3;0.0
Bastillion;2929;17;10;5129;4.0;3;3.0
ReLinker;2927;12;7;1224;2.0;4;0.0
jabref;2927;37;9;;;;
novel-plus;2923;19;2;13994;3.0;4;0.0
curator;2920;0;9;47366;3.0;7;0.0
marshalsec;2919;0;5;2207;6.0;5;1.0
android-vision;2915;0;7;5812;3.0;3;0.0
ShadowLayout;2914;27;3;2056;4.0;2;1.0
yacy_search_server;2911;0;7;154101;4.0;10;0.0
ftgo-application;2911;0;5;6868;3.0;5;0.0
