file,class,method,constructor,line,cbo,cboModified,fanin,fanout,wmc,rfc,loc,returnsQty,variablesQty,parametersQty,methodsInvokedQty,methodsInvokedLocalQty,methodsInvokedIndirectLocalQty,loopQty,comparisonsQty,tryCatchQty,parenthesizedExpsQty,stringLiteralsQty,numbersQty,assignmentsQty,mathOperationsQty,maxNestedBlocksQty,anonymousClassesQty,innerClassesQty,lambdasQty,uniqueWordsQty,modifiers,logStatementsQty,hasJavaDoc
C:\Projetos\LabExperimentacao\medicao-lab2\repos\FloatingActionButton\library\src\main\java\com\github\clans\fab\FloatingActionButton.java,com.github.clans.fab.FloatingActionButton$Anonymous4,onClick/1[com.github.clans.fab.View],false,816,1,1,0,1,2,1,5,0,0,1,1,0,0,0,1,0,0,0,0,0,0,1,0,0,0,7,1,0,false
C:\Projetos\LabExperimentacao\medicao-lab2\repos\FloatingActionButton\library\src\main\java\com\github\clans\fab\FloatingActionButton.java,com.github.clans.fab.FloatingActionButton$Anonymous1,"getOutline/2[com.github.clans.fab.View,com.github.clans.fab.Outline]",false,410,2,0,0,0,1,3,3,0,0,2,3,0,0,0,0,0,0,0,2,0,0,0,0,0,0,4,1,0,false
C:\Projetos\LabExperimentacao\medicao-lab2\repos\FloatingActionButton\library\src\main\java\com\github\clans\fab\FloatingActionButton.java,com.github.clans.fab.FloatingActionButton$Anonymous2,onSingleTapUp/1[com.github.clans.fab.MotionEvent],false,586,3,2,0,2,2,4,8,1,1,1,4,0,0,0,1,0,0,0,0,1,0,1,0,0,0,13,1,0,false
C:\Projetos\LabExperimentacao\medicao-lab2\repos\FloatingActionButton\library\src\main\java\com\github\clans\fab\FloatingActionButton.java,com.github.clans.fab.FloatingActionButton$Anonymous2,onDown/1[com.github.clans.fab.MotionEvent],false,576,3,2,0,2,2,4,8,1,1,1,4,0,0,0,1,0,0,0,0,1,0,1,0,0,0,11,1,0,false
C:\Projetos\LabExperimentacao\medicao-lab2\repos\FloatingActionButton\sample\src\main\java\com\github\clans\fab\sample\MenusFragment.java,com.github.clans.fab.sample.MenusFragment$Anonymous7,onClick/1[com.github.clans.fab.sample.View],false,195,2,11,0,11,4,2,12,0,0,1,2,0,0,0,0,0,0,0,0,0,0,1,0,0,0,4,1,0,false
C:\Projetos\LabExperimentacao\medicao-lab2\repos\FloatingActionButton\library\src\main\java\com\github\clans\fab\FloatingActionMenu.java,com.github.clans.fab.FloatingActionMenu,"onLayout/5[boolean,int,int,int,int]",false,361,2,1,0,1,19,12,39,0,19,5,12,0,0,1,10,0,2,0,12,20,39,3,0,0,0,73,4,0,false
C:\Projetos\LabExperimentacao\medicao-lab2\repos\FloatingActionButton\library\src\main\java\com\github\clans\fab\FloatingActionMenu.java,com.github.clans.fab.FloatingActionMenu,setMenuButtonColorPressed/1[int],false,933,1,1,0,1,1,1,4,0,0,1,1,0,0,0,0,0,0,0,0,1,0,0,0,0,0,7,1,0,false
C:\Projetos\LabExperimentacao\medicao-lab2\repos\FloatingActionButton\library\src\main\java\com\github\clans\fab\FloatingActionMenu.java,com.github.clans.fab.FloatingActionMenu,addLabel/1[com.github.clans.fab.FloatingActionButton],false,476,3,18,3,15,8,30,43,1,4,1,30,1,1,0,1,0,0,0,3,6,2,2,0,0,0,38,2,0,false
C:\Projetos\LabExperimentacao\medicao-lab2\repos\FloatingActionButton\library\src\main\java\com\github\clans\fab\FloatingActionMenu.java,com.github.clans.fab.FloatingActionMenu,setAnimationDelayPerItem/1[int],false,770,0,0,0,0,1,0,3,0,0,1,0,0,0,0,0,0,0,0,0,1,0,0,0,0,0,7,1,0,false
C:\Projetos\LabExperimentacao\medicao-lab2\repos\FloatingActionButton\library\src\main\java\com\github\clans\fab\FloatingActionMenu.java,com.github.clans.fab.FloatingActionMenu,isMenuButtonHidden/0,false,816,1,6,5,1,1,1,3,1,0,0,1,0,0,0,0,0,0,0,0,0,0,0,0,0,0,4,1,0,false
C:\Projetos\LabExperimentacao\medicao-lab2\repos\FloatingActionButton\library\src\main\java\com\github\clans\fab\FloatingActionMenu.java,com.github.clans.fab.FloatingActionMenu,addMenuButton/1[com.github.clans.fab.FloatingActionButton],false,961,2,2,1,1,1,2,5,0,0,1,2,1,2,0,0,0,0,0,1,0,1,0,0,0,0,11,1,0,false
C:\Projetos\LabExperimentacao\medicao-lab2\repos\FloatingActionButton\library\src\main\java\com\github\clans\fab\FloatingActionMenu.java,com.github.clans.fab.FloatingActionMenu,"FloatingActionMenu/2[com.github.clans.fab.Context,com.github.clans.fab.AttributeSet]",true,117,2,0,0,0,1,0,3,0,0,2,0,0,0,0,0,0,0,0,1,0,0,0,0,0,0,5,1,0,false
C:\Projetos\LabExperimentacao\medicao-lab2\repos\FloatingActionButton\library\src\main\java\com\github\clans\fab\FloatingActionMenu.java,com.github.clans.fab.FloatingActionMenu,initMenuButtonAnimations/1[com.github.clans.fab.TypedArray],false,200,2,3,1,2,1,5,8,0,2,1,5,2,1,0,0,0,0,0,0,4,0,0,0,0,0,20,2,0,false
C:\Projetos\LabExperimentacao\medicao-lab2\repos\FloatingActionButton\library\src\main\java\com\github\clans\fab\FloatingActionMenu.java,com.github.clans.fab.FloatingActionMenu,setLabelEllipsize/1[com.github.clans.fab.Label],false,533,1,1,1,0,5,1,16,0,0,1,1,0,0,0,0,0,0,0,4,0,0,1,0,0,0,6,2,0,false
C:\Projetos\LabExperimentacao\medicao-lab2\repos\FloatingActionButton\library\src\main\java\com\github\clans\fab\FloatingActionMenu.java,com.github.clans.fab.FloatingActionMenu,setMenuButtonLabelText/1[java.lang.String],false,1001,1,1,0,1,1,1,3,0,0,1,1,0,0,0,0,0,0,0,0,0,0,0,0,0,0,6,1,0,false
C:\Projetos\LabExperimentacao\medicao-lab2\repos\FloatingActionButton\library\src\main\java\com\github\clans\fab\FloatingActionMenu.java,com.github.clans.fab.FloatingActionMenu,getMenuIconView/0,false,790,1,2,2,0,1,0,3,1,0,0,0,0,0,0,0,0,0,0,0,0,0,0,0,0,0,7,1,0,false
C:\Projetos\LabExperimentacao\medicao-lab2\repos\FloatingActionButton\library\src\main\java\com\github\clans\fab\FloatingActionMenu.java,com.github.clans.fab.FloatingActionMenu,generateLayoutParams/1[com.github.clans.fab.LayoutParams],false,556,2,0,0,0,1,0,3,1,0,1,0,0,0,0,0,0,0,0,0,0,0,0,0,0,0,5,4,0,false
C:\Projetos\LabExperimentacao\medicao-lab2\repos\FloatingActionButton\library\src\main\java\com\github\clans\fab\FloatingActionMenu.java,com.github.clans.fab.FloatingActionMenu,isBackgroundEnabled/0,false,237,0,2,2,0,2,0,3,1,0,0,0,0,0,0,1,0,0,0,0,0,0,0,0,0,0,5,2,0,false
C:\Projetos\LabExperimentacao\medicao-lab2\repos\FloatingActionButton\library\src\main\java\com\github\clans\fab\FloatingActionMenu.java,com.github.clans.fab.FloatingActionMenu,generateLayoutParams/1[com.github.clans.fab.AttributeSet],false,551,2,0,0,0,1,1,3,1,0,1,1,0,0,0,0,0,0,0,0,0,0,0,0,0,0,9,1,0,false
C:\Projetos\LabExperimentacao\medicao-lab2\repos\FloatingActionButton\library\src\main\java\com\github\clans\fab\FloatingActionMenu.java,com.github.clans.fab.FloatingActionMenu,setMenuButtonHideAnimation/1[com.github.clans.fab.Animation],false,807,2,2,1,1,1,1,4,0,0,1,1,0,0,0,0,0,0,0,0,1,0,0,0,0,0,7,1,0,false
C:\Projetos\LabExperimentacao\medicao-lab2\repos\FloatingActionButton\library\src\main\java\com\github\clans\fab\FloatingActionMenu.java,com.github.clans.fab.FloatingActionMenu,removeAllMenuButtons/0,false,986,3,2,0,2,6,5,13,0,3,0,5,2,2,2,2,0,0,0,1,3,0,2,0,0,0,22,1,0,false
C:\Projetos\LabExperimentacao\medicao-lab2\repos\FloatingActionButton\library\src\main\java\com\github\clans\fab\FloatingActionMenu.java,com.github.clans.fab.FloatingActionMenu,setIconAnimationOpenInterpolator/1[com.github.clans.fab.Interpolator],false,747,1,0,0,0,1,1,3,0,0,1,1,0,0,0,0,0,0,0,0,0,0,0,0,0,0,6,1,0,false
C:\Projetos\LabExperimentacao\medicao-lab2\repos\FloatingActionButton\library\src\main\java\com\github\clans\fab\FloatingActionMenu.java,com.github.clans.fab.FloatingActionMenu,FloatingActionMenu/1[com.github.clans.fab.Context],true,113,1,0,0,0,1,0,3,0,0,1,0,0,0,0,0,0,0,0,0,0,0,0,0,0,0,5,1,0,false
C:\Projetos\LabExperimentacao\medicao-lab2\repos\FloatingActionButton\library\src\main\java\com\github\clans\fab\FloatingActionMenu.java,com.github.clans.fab.FloatingActionMenu,showMenuButton/1[boolean],false,878,1,4,2,2,2,2,5,0,0,1,2,2,2,0,0,0,0,0,0,0,0,1,0,0,0,20,1,0,true
C:\Projetos\LabExperimentacao\medicao-lab2\repos\FloatingActionButton\library\src\main\java\com\github\clans\fab\FloatingActionMenu.java,com.github.clans.fab.FloatingActionMenu,adjustForOvershoot/1[int],false,441,0,1,1,0,1,0,3,1,0,1,0,0,0,0,0,0,1,0,1,0,2,0,0,0,0,4,2,0,false
C:\Projetos\LabExperimentacao\medicao-lab2\repos\FloatingActionButton\library\src\main\java\com\github\clans\fab\FloatingActionMenu.java,com.github.clans.fab.FloatingActionMenu,removeMenuButton/1[com.github.clans.fab.FloatingActionButton],false,967,1,2,1,1,1,2,5,0,0,1,2,0,0,0,0,0,0,0,0,0,0,0,0,0,0,10,1,0,false
C:\Projetos\LabExperimentacao\medicao-lab2\repos\FloatingActionButton\library\src\main\java\com\github\clans\fab\FloatingActionMenu.java,com.github.clans.fab.FloatingActionMenu,toggleMenu/1[boolean],false,864,1,3,0,3,2,3,8,0,0,1,3,3,4,0,0,0,0,0,0,0,0,1,0,0,0,7,1,0,false
C:\Projetos\LabExperimentacao\medicao-lab2\repos\FloatingActionButton\library\src\main\java\com\github\clans\fab\FloatingActionMenu.java,com.github.clans.fab.FloatingActionMenu,createLabels/0,false,454,3,3,1,2,5,4,16,0,2,0,4,1,2,1,3,0,0,0,1,2,0,2,1,0,0,28,2,0,false
C:\Projetos\LabExperimentacao\medicao-lab2\repos\FloatingActionButton\library\src\main\java\com\github\clans\fab\FloatingActionMenu.java,com.github.clans.fab.FloatingActionMenu,getIconToggleAnimatorSet/0,false,798,1,0,0,0,1,0,3,1,0,0,0,0,0,0,0,0,0,0,0,0,0,0,0,0,0,6,1,0,false
C:\Projetos\LabExperimentacao\medicao-lab2\repos\FloatingActionButton\library\src\main\java\com\github\clans\fab\FloatingActionMenu.java,com.github.clans.fab.FloatingActionMenu,setMenuButtonColorPressedResId/1[int],false,938,1,1,0,1,1,3,4,0,0,1,3,0,0,0,0,0,0,0,0,1,0,0,0,0,0,11,1,0,false
C:\Projetos\LabExperimentacao\medicao-lab2\repos\FloatingActionButton\library\src\main\java\com\github\clans\fab\FloatingActionMenu.java,com.github.clans.fab.FloatingActionMenu,"addMenuButton/2[com.github.clans.fab.FloatingActionButton,int]",false,973,2,1,0,1,3,2,12,0,1,2,2,1,2,0,0,0,0,0,3,3,1,1,0,0,0,13,1,0,false
C:\Projetos\LabExperimentacao\medicao-lab2\repos\FloatingActionButton\library\src\main\java\com\github\clans\fab\FloatingActionMenu.java,com.github.clans.fab.FloatingActionMenu,setIconAnimated/1[boolean],false,782,0,1,1,0,1,0,3,0,0,1,0,0,0,0,0,0,0,0,0,1,0,0,0,0,0,5,1,0,false
C:\Projetos\LabExperimentacao\medicao-lab2\repos\FloatingActionButton\library\src\main\java\com\github\clans\fab\FloatingActionMenu.java,com.github.clans.fab.FloatingActionMenu,showMenu/1[boolean],false,825,1,2,1,1,3,3,8,0,0,1,3,1,1,0,0,0,0,0,0,0,0,2,0,0,0,29,1,0,true
C:\Projetos\LabExperimentacao\medicao-lab2\repos\FloatingActionButton\library\src\main\java\com\github\clans\fab\FloatingActionMenu.java,com.github.clans.fab.FloatingActionMenu,"FloatingActionMenu/3[com.github.clans.fab.Context,com.github.clans.fab.AttributeSet,int]",true,121,3,1,0,1,1,1,4,0,0,3,1,1,4,0,0,0,0,0,0,0,0,0,0,0,0,8,1,0,false
C:\Projetos\LabExperimentacao\medicao-lab2\repos\FloatingActionButton\library\src\main\java\com\github\clans\fab\FloatingActionMenu.java,com.github.clans.fab.FloatingActionMenu,getMenuButtonColorPressed/0,false,943,0,0,0,0,1,0,3,1,0,0,0,0,0,0,0,0,0,0,0,0,0,0,0,0,0,6,1,0,false
C:\Projetos\LabExperimentacao\medicao-lab2\repos\FloatingActionButton\library\src\main\java\com\github\clans\fab\FloatingActionMenu.java,com.github.clans.fab.FloatingActionMenu,hideMenuButtonWithImage/1[boolean],false,571,2,4,2,2,3,4,10,0,0,1,4,1,1,0,0,0,0,0,0,1,0,2,0,0,0,22,2,0,false
C:\Projetos\LabExperimentacao\medicao-lab2\repos\FloatingActionButton\library\src\main\java\com\github\clans\fab\FloatingActionMenu.java,com.github.clans.fab.FloatingActionMenu,getAnimationDelayPerItem/0,false,774,0,0,0,0,1,0,3,1,0,0,0,0,0,0,0,0,0,0,0,0,0,0,0,0,0,6,1,0,false
C:\Projetos\LabExperimentacao\medicao-lab2\repos\FloatingActionButton\library\src\main\java\com\github\clans\fab\FloatingActionMenu.java,com.github.clans.fab.FloatingActionMenu,setIconAnimationCloseInterpolator/1[com.github.clans.fab.Interpolator],false,751,1,0,0,0,1,1,3,0,0,1,1,0,0,0,0,0,0,0,0,0,0,0,0,0,0,6,1,0,false
C:\Projetos\LabExperimentacao\medicao-lab2\repos\FloatingActionButton\library\src\main\java\com\github\clans\fab\FloatingActionMenu.java,com.github.clans.fab.FloatingActionMenu,showMenuButtonWithImage/1[boolean],false,582,2,3,1,2,3,4,9,0,0,1,4,1,1,0,0,0,0,0,0,0,0,2,0,0,0,18,2,0,false
C:\Projetos\LabExperimentacao\medicao-lab2\repos\FloatingActionButton\library\src\main\java\com\github\clans\fab\FloatingActionMenu.java,com.github.clans.fab.FloatingActionMenu,setIconAnimationInterpolator/1[com.github.clans.fab.Interpolator],false,742,1,0,0,0,1,1,4,0,0,1,1,0,0,0,0,0,0,0,0,0,0,0,0,0,0,14,1,0,true
C:\Projetos\LabExperimentacao\medicao-lab2\repos\FloatingActionButton\library\src\main\java\com\github\clans\fab\FloatingActionMenu.java,com.github.clans.fab.FloatingActionMenu,setIconToggleAnimatorSet/1[com.github.clans.fab.AnimatorSet],false,794,1,1,1,0,1,0,3,0,0,1,0,0,0,0,0,0,0,0,0,1,0,0,0,0,0,7,1,0,false
C:\Projetos\LabExperimentacao\medicao-lab2\repos\FloatingActionButton\library\src\main\java\com\github\clans\fab\FloatingActionMenu.java,com.github.clans.fab.FloatingActionMenu,hideMenuButton/1[boolean],false,890,1,7,2,5,4,5,17,0,0,1,5,4,3,0,0,0,0,0,0,1,1,2,1,0,0,30,1,0,true
C:\Projetos\LabExperimentacao\medicao-lab2\repos\FloatingActionButton\library\src\main\java\com\github\clans\fab\FloatingActionMenu.java,com.github.clans.fab.FloatingActionMenu,setMenuButtonColorRippleResId/1[int],false,952,1,1,0,1,1,3,4,0,0,1,3,0,0,0,0,0,0,0,0,1,0,0,0,0,0,11,1,0,false
C:\Projetos\LabExperimentacao\medicao-lab2\repos\FloatingActionButton\library\src\main\java\com\github\clans\fab\FloatingActionMenu.java,com.github.clans.fab.FloatingActionMenu,createMenuButton/0,false,248,4,7,1,6,2,9,19,0,0,0,9,1,1,0,0,0,0,0,0,8,0,1,0,0,0,22,2,0,false
C:\Projetos\LabExperimentacao\medicao-lab2\repos\FloatingActionButton\library\src\main\java\com\github\clans\fab\FloatingActionMenu.java,com.github.clans.fab.FloatingActionMenu,setAnimated/1[boolean],false,760,0,0,0,0,3,1,5,0,0,1,1,0,0,0,0,0,0,0,2,1,0,0,0,0,0,33,1,0,true
C:\Projetos\LabExperimentacao\medicao-lab2\repos\FloatingActionButton\library\src\main\java\com\github\clans\fab\FloatingActionMenu.java,com.github.clans.fab.FloatingActionMenu,setMenuButtonColorNormalResId/1[int],false,924,1,1,0,1,1,3,4,0,0,1,3,0,0,0,0,0,0,0,0,1,0,0,0,0,0,11,1,0,false
C:\Projetos\LabExperimentacao\medicao-lab2\repos\FloatingActionButton\library\src\main\java\com\github\clans\fab\FloatingActionMenu.java,com.github.clans.fab.FloatingActionMenu,generateDefaultLayoutParams/0,false,561,1,0,0,0,1,0,3,1,0,0,0,0,0,0,0,0,0,0,0,0,0,0,0,0,0,5,4,0,false
C:\Projetos\LabExperimentacao\medicao-lab2\repos\FloatingActionButton\library\src\main\java\com\github\clans\fab\FloatingActionMenu.java,com.github.clans.fab.FloatingActionMenu,close/1[boolean],false,681,3,8,5,3,8,8,49,0,5,1,8,2,1,1,2,0,0,0,3,7,1,3,2,0,0,42,1,0,false
C:\Projetos\LabExperimentacao\medicao-lab2\repos\FloatingActionButton\library\src\main\java\com\github\clans\fab\FloatingActionMenu.java,com.github.clans.fab.FloatingActionMenu,onTouchEvent/1[com.github.clans.fab.MotionEvent],false,593,2,2,0,2,4,4,15,2,1,1,4,2,2,0,0,0,0,0,0,3,0,2,0,0,0,18,1,0,false
C:\Projetos\LabExperimentacao\medicao-lab2\repos\FloatingActionButton\library\src\main\java\com\github\clans\fab\FloatingActionMenu.java,com.github.clans.fab.FloatingActionMenu,setOnMenuToggleListener/1[com.github.clans.fab.FloatingActionMenu.OnMenuToggleListener],false,778,1,1,1,0,1,0,3,0,0,1,0,0,0,0,0,0,0,0,0,1,0,0,0,0,0,7,1,0,false
C:\Projetos\LabExperimentacao\medicao-lab2\repos\FloatingActionButton\library\src\main\java\com\github\clans\fab\FloatingActionMenu.java,com.github.clans.fab.FloatingActionMenu,toggleMenuButton/1[boolean],false,907,1,3,0,3,2,3,8,0,0,1,3,3,6,0,0,0,0,0,0,0,0,1,0,0,0,8,1,0,false
C:\Projetos\LabExperimentacao\medicao-lab2\repos\FloatingActionButton\library\src\main\java\com\github\clans\fab\FloatingActionMenu.java,com.github.clans.fab.FloatingActionMenu,setMenuButtonColorNormal/1[int],false,919,1,1,0,1,1,1,4,0,0,1,1,0,0,0,0,0,0,0,0,1,0,0,0,0,0,7,1,0,false
C:\Projetos\LabExperimentacao\medicao-lab2\repos\FloatingActionButton\library\src\main\java\com\github\clans\fab\FloatingActionMenu.java,com.github.clans.fab.FloatingActionMenu,onFinishInflate/0,false,446,1,1,0,1,1,4,7,0,0,0,4,1,3,0,0,0,0,0,0,1,0,0,0,0,0,17,4,0,false
C:\Projetos\LabExperimentacao\medicao-lab2\repos\FloatingActionButton\library\src\main\java\com\github\clans\fab\FloatingActionMenu.java,com.github.clans.fab.FloatingActionMenu,getMenuButtonLabelText/0,false,1005,0,1,1,0,1,0,3,1,0,0,0,0,0,0,0,0,0,0,0,0,0,0,0,0,0,6,1,0,false
C:\Projetos\LabExperimentacao\medicao-lab2\repos\FloatingActionButton\library\src\main\java\com\github\clans\fab\FloatingActionMenu.java,com.github.clans.fab.FloatingActionMenu,initBackgroundDimAnimation/0,false,210,1,1,1,0,1,7,24,0,4,0,7,0,0,0,0,0,0,0,2,6,0,0,2,0,0,31,2,0,false
C:\Projetos\LabExperimentacao\medicao-lab2\repos\FloatingActionButton\library\src\main\java\com\github\clans\fab\FloatingActionMenu.java,com.github.clans.fab.FloatingActionMenu,setMenuButtonShowAnimation/1[com.github.clans.fab.Animation],false,802,2,2,1,1,1,1,4,0,0,1,1,0,0,0,0,0,0,0,0,1,0,0,0,0,0,7,1,0,false
C:\Projetos\LabExperimentacao\medicao-lab2\repos\FloatingActionButton\library\src\main\java\com\github\clans\fab\FloatingActionMenu.java,com.github.clans.fab.FloatingActionMenu,isOpened/0,false,613,0,9,9,0,1,0,3,1,0,0,0,0,0,0,0,0,0,0,0,0,0,0,0,0,0,4,1,0,false
C:\Projetos\LabExperimentacao\medicao-lab2\repos\FloatingActionButton\library\src\main\java\com\github\clans\fab\FloatingActionMenu.java,com.github.clans.fab.FloatingActionMenu,isIconAnimated/0,false,786,0,0,0,0,1,0,3,1,0,0,0,0,0,0,0,0,0,0,0,0,0,0,0,0,0,4,1,0,false
C:\Projetos\LabExperimentacao\medicao-lab2\repos\FloatingActionButton\library\src\main\java\com\github\clans\fab\FloatingActionMenu.java,com.github.clans.fab.FloatingActionMenu,setClosedOnTouchOutside/1[boolean],false,915,0,1,1,0,1,0,3,0,0,1,0,0,0,0,0,0,0,0,0,1,0,0,0,0,0,9,1,0,false
C:\Projetos\LabExperimentacao\medicao-lab2\repos\FloatingActionButton\library\src\main\java\com\github\clans\fab\FloatingActionMenu.java,com.github.clans.fab.FloatingActionMenu,hideMenu/1[boolean],false,839,1,5,1,4,5,6,25,0,0,1,6,3,2,0,0,0,0,0,0,2,1,3,1,0,0,38,1,0,true
C:\Projetos\LabExperimentacao\medicao-lab2\repos\FloatingActionButton\library\src\main\java\com\github\clans\fab\FloatingActionMenu.java,com.github.clans.fab.FloatingActionMenu,getMenuButtonColorNormal/0,false,929,0,0,0,0,1,0,3,1,0,0,0,0,0,0,0,0,0,0,0,0,0,0,0,0,0,6,1,0,false
C:\Projetos\LabExperimentacao\medicao-lab2\repos\FloatingActionButton\library\src\main\java\com\github\clans\fab\FloatingActionMenu.java,com.github.clans.fab.FloatingActionMenu,getMenuButtonColorRipple/0,false,957,0,0,0,0,1,0,3,1,0,0,0,0,0,0,0,0,0,0,0,0,0,0,0,0,0,6,1,0,false
C:\Projetos\LabExperimentacao\medicao-lab2\repos\FloatingActionButton\library\src\main\java\com\github\clans\fab\FloatingActionMenu.java,com.github.clans.fab.FloatingActionMenu,checkLayoutParams/1[com.github.clans.fab.LayoutParams],false,567,2,0,0,0,1,0,3,1,0,1,0,0,0,0,0,0,0,0,0,0,0,0,0,0,0,5,4,0,false
C:\Projetos\LabExperimentacao\medicao-lab2\repos\FloatingActionButton\library\src\main\java\com\github\clans\fab\FloatingActionMenu.java,com.github.clans.fab.FloatingActionMenu,open/1[boolean],false,625,3,4,1,3,8,8,49,0,5,1,8,2,1,1,2,0,0,0,4,7,2,3,2,0,0,42,1,0,false
C:\Projetos\LabExperimentacao\medicao-lab2\repos\FloatingActionButton\library\src\main\java\com\github\clans\fab\FloatingActionMenu.java,com.github.clans.fab.FloatingActionMenu,"onMeasure/2[int,int]",false,308,3,2,0,2,11,18,38,0,11,2,18,1,1,2,7,0,3,0,15,22,10,2,0,0,0,56,4,0,false
C:\Projetos\LabExperimentacao\medicao-lab2\repos\FloatingActionButton\library\src\main\java\com\github\clans\fab\FloatingActionMenu.java,com.github.clans.fab.FloatingActionMenu,initPadding/1[int],false,241,0,1,1,0,1,0,6,0,0,1,0,0,0,0,0,0,0,0,0,4,0,0,0,0,0,9,2,0,false
C:\Projetos\LabExperimentacao\medicao-lab2\repos\FloatingActionButton\library\src\main\java\com\github\clans\fab\FloatingActionMenu.java,com.github.clans.fab.FloatingActionMenu,isAnimated/0,false,766,0,0,0,0,1,0,3,1,0,0,0,0,0,0,0,0,0,0,0,0,0,0,0,0,0,4,1,0,false
C:\Projetos\LabExperimentacao\medicao-lab2\repos\FloatingActionButton\library\src\main\java\com\github\clans\fab\FloatingActionMenu.java,com.github.clans.fab.FloatingActionMenu,setOnMenuButtonClickListener/1[com.github.clans.fab.OnClickListener],false,1009,2,2,1,1,1,1,3,0,0,1,1,0,0,0,0,0,0,0,0,0,0,0,0,0,0,7,1,0,false
C:\Projetos\LabExperimentacao\medicao-lab2\repos\FloatingActionButton\library\src\main\java\com\github\clans\fab\FloatingActionMenu.java,com.github.clans.fab.FloatingActionMenu,createDefaultIconAnimation/0,false,272,1,1,1,0,6,4,20,0,4,0,4,0,0,0,5,0,0,2,0,6,0,1,0,0,0,34,2,0,false
C:\Projetos\LabExperimentacao\medicao-lab2\repos\FloatingActionButton\library\src\main\java\com\github\clans\fab\FloatingActionMenu.java,com.github.clans.fab.FloatingActionMenu,setOnMenuButtonLongClickListener/1[com.github.clans.fab.OnLongClickListener],false,1013,1,0,0,0,1,1,3,0,0,1,1,0,0,0,0,0,0,0,0,0,0,0,0,0,0,8,1,0,false
C:\Projetos\LabExperimentacao\medicao-lab2\repos\FloatingActionButton\library\src\main\java\com\github\clans\fab\FloatingActionMenu.java,com.github.clans.fab.FloatingActionMenu,toggle/1[boolean],false,617,1,5,2,3,2,3,8,0,0,1,3,3,3,0,0,0,0,0,0,0,0,1,0,0,0,6,1,0,false
C:\Projetos\LabExperimentacao\medicao-lab2\repos\FloatingActionButton\library\src\main\java\com\github\clans\fab\FloatingActionMenu.java,com.github.clans.fab.FloatingActionMenu,isMenuHidden/0,false,812,0,3,3,0,2,1,3,1,0,0,1,0,0,0,1,0,0,0,0,0,0,0,0,0,0,12,1,0,false
C:\Projetos\LabExperimentacao\medicao-lab2\repos\FloatingActionButton\library\src\main\java\com\github\clans\fab\FloatingActionMenu.java,com.github.clans.fab.FloatingActionMenu,"init/2[com.github.clans.fab.Context,com.github.clans.fab.AttributeSet]",false,126,7,5,1,4,9,22,66,0,3,2,22,4,3,0,4,1,0,1,14,44,1,2,0,0,0,88,2,0,false
C:\Projetos\LabExperimentacao\medicao-lab2\repos\FloatingActionButton\library\src\main\java\com\github\clans\fab\FloatingActionMenu.java,com.github.clans.fab.FloatingActionMenu,setMenuButtonColorRipple/1[int],false,947,1,1,0,1,1,1,4,0,0,1,1,0,0,0,0,0,0,0,0,1,0,0,0,0,0,7,1,0,false
C:\Projetos\LabExperimentacao\medicao-lab2\repos\FloatingActionButton\sample\src\main\java\com\github\clans\fab\sample\MenusFragment.java,com.github.clans.fab.sample.MenusFragment$Anonymous5,onClick/1[com.github.clans.fab.sample.View],false,151,2,11,0,11,2,6,6,0,0,1,6,0,0,0,0,0,0,0,0,0,0,1,0,0,0,7,1,0,false
C:\Projetos\LabExperimentacao\medicao-lab2\repos\FloatingActionButton\sample\src\main\java\com\github\clans\fab\sample\MenusFragment.java,com.github.clans.fab.sample.MenusFragment$Anonymous6,onAnimationStart/1[com.github.clans.fab.sample.Animator],false,180,2,2,0,2,2,3,3,0,0,1,3,0,0,0,0,0,0,0,0,0,0,0,0,0,0,5,1,0,false
C:\Projetos\LabExperimentacao\medicao-lab2\repos\FloatingActionButton\sample\src\main\java\com\github\clans\fab\sample\MenusFragment.java,com.github.clans.fab.sample.MenusFragment$Anonymous3,run/0,false,135,1,13,0,13,1,1,3,0,0,0,1,0,0,0,0,0,0,0,0,0,0,0,0,0,0,2,1,0,false
C:\Projetos\LabExperimentacao\medicao-lab2\repos\FloatingActionButton\sample\src\main\java\com\github\clans\fab\sample\MenusFragment.java,com.github.clans.fab.sample.MenusFragment$Anonymous4,run/0,false,144,1,13,0,13,1,1,3,0,0,0,1,0,0,0,0,0,0,0,0,0,0,0,0,0,0,2,1,0,false
C:\Projetos\LabExperimentacao\medicao-lab2\repos\FloatingActionButton\library\src\main\java\com\github\clans\fab\Util.java,com.github.clans.fab.Util,"dpToPx/2[com.github.clans.fab.Context,float]",false,11,1,4,4,0,1,3,4,1,1,2,3,0,0,0,0,0,0,0,0,1,1,0,0,0,0,5,8,0,false
C:\Projetos\LabExperimentacao\medicao-lab2\repos\FloatingActionButton\library\src\main\java\com\github\clans\fab\Util.java,com.github.clans.fab.Util,Util/0,true,8,0,0,0,0,1,0,2,0,0,0,0,0,0,0,0,0,0,0,0,0,0,0,0,0,0,1,2,0,false
C:\Projetos\LabExperimentacao\medicao-lab2\repos\FloatingActionButton\library\src\main\java\com\github\clans\fab\Util.java,com.github.clans.fab.Util,hasLollipop/0,false,20,0,8,8,0,2,0,3,1,0,0,0,0,0,0,0,0,0,0,0,0,0,0,0,0,0,2,8,0,false
C:\Projetos\LabExperimentacao\medicao-lab2\repos\FloatingActionButton\library\src\main\java\com\github\clans\fab\Util.java,com.github.clans.fab.Util,hasJellyBean/0,false,16,0,2,2,0,2,0,3,1,0,0,0,0,0,0,0,0,0,0,0,0,0,0,0,0,0,3,8,0,false
C:\Projetos\LabExperimentacao\medicao-lab2\repos\FloatingActionButton\sample\src\main\java\com\github\clans\fab\sample\MenusFragment.java,com.github.clans.fab.sample.MenusFragment$Anonymous1,onClick/1[com.github.clans.fab.sample.View],false,73,2,11,0,11,1,4,4,0,0,1,4,0,0,0,0,0,0,0,0,0,0,0,0,0,0,6,1,0,false
C:\Projetos\LabExperimentacao\medicao-lab2\repos\FloatingActionButton\sample\src\main\java\com\github\clans\fab\sample\MenusFragment.java,com.github.clans.fab.sample.MenusFragment$Anonymous2,onMenuToggle/1[boolean],false,116,0,0,0,0,2,3,10,0,1,1,3,0,0,0,0,0,0,2,0,2,0,1,0,0,0,7,1,0,false
C:\Projetos\LabExperimentacao\medicao-lab2\repos\FloatingActionButton\library\src\main\java\com\github\clans\fab\FloatingActionButton.java,com.github.clans.fab.FloatingActionButton$Anonymous5,onAnimationStart/1[com.github.clans.fab.Animation],false,1270,1,0,0,0,1,0,2,0,0,1,0,0,0,0,0,0,0,0,0,0,0,0,0,0,0,4,1,0,false
C:\Projetos\LabExperimentacao\medicao-lab2\repos\FloatingActionButton\library\src\main\java\com\github\clans\fab\FloatingActionButton.java,com.github.clans.fab.FloatingActionButton$Anonymous5,onAnimationEnd/1[com.github.clans.fab.Animation],false,1274,2,2,0,2,1,3,4,0,0,1,3,0,0,0,0,0,0,0,0,0,0,0,0,0,0,13,1,0,false
C:\Projetos\LabExperimentacao\medicao-lab2\repos\FloatingActionButton\library\src\main\java\com\github\clans\fab\FloatingActionButton.java,com.github.clans.fab.FloatingActionButton$Anonymous5,onAnimationRepeat/1[com.github.clans.fab.Animation],false,1280,1,0,0,0,1,0,2,0,0,1,0,0,0,0,0,0,0,0,0,0,0,0,0,0,0,4,1,0,false
C:\Projetos\LabExperimentacao\medicao-lab2\repos\FloatingActionButton\sample\src\main\java\com\github\clans\fab\sample\MainActivity.java,com.github.clans.fab.sample.MainActivity$Anonymous1,onNavigationItemSelected/1[com.github.clans.fab.sample.MenuItem],false,47,6,3,0,3,4,6,18,1,2,1,6,0,0,0,0,0,0,0,0,5,0,1,0,0,0,18,1,0,false
C:\Projetos\LabExperimentacao\medicao-lab2\repos\FloatingActionButton\library\src\main\java\com\github\clans\fab\Label.java,com.github.clans.fab.Label$Anonymous1,"getOutline/2[com.github.clans.fab.View,com.github.clans.fab.Outline]",false,131,2,0,0,0,1,3,3,0,0,2,3,0,0,0,0,0,0,0,2,0,0,0,0,0,0,4,1,0,false
C:\Projetos\LabExperimentacao\medicao-lab2\repos\FloatingActionButton\library\src\main\java\com\github\clans\fab\FloatingActionMenu.java,com.github.clans.fab.FloatingActionMenu$Anonymous1,onAnimationUpdate/1[com.github.clans.fab.ValueAnimator],false,220,1,0,0,0,1,3,4,0,1,1,3,0,0,0,0,0,0,0,0,1,0,0,0,0,0,11,1,0,false
C:\Projetos\LabExperimentacao\medicao-lab2\repos\FloatingActionButton\library\src\main\java\com\github\clans\fab\Label.java,com.github.clans.fab.Label$Anonymous2,onDown/1[com.github.clans.fab.MotionEvent],false,310,3,2,0,2,2,3,7,1,0,1,3,0,0,0,1,0,0,0,0,0,0,1,0,0,0,9,1,0,false
C:\Projetos\LabExperimentacao\medicao-lab2\repos\FloatingActionButton\library\src\main\java\com\github\clans\fab\Label.java,com.github.clans.fab.Label$Anonymous2,onSingleTapUp/1[com.github.clans.fab.MotionEvent],false,319,3,2,0,2,2,3,7,1,0,1,3,0,0,0,1,0,0,0,0,0,0,1,0,0,0,11,1,0,false
C:\Projetos\LabExperimentacao\medicao-lab2\repos\FloatingActionButton\sample\src\main\java\com\github\clans\fab\sample\ProgressFragment.java,com.github.clans.fab.sample.ProgressFragment$LanguageAdapter,getItemCount/0,false,143,0,0,0,0,1,0,3,1,0,0,0,0,0,0,0,0,0,0,0,0,0,0,0,0,0,3,1,0,false
C:\Projetos\LabExperimentacao\medicao-lab2\repos\FloatingActionButton\sample\src\main\java\com\github\clans\fab\sample\ProgressFragment.java,com.github.clans.fab.sample.ProgressFragment$LanguageAdapter,"onCreateViewHolder/2[com.github.clans.fab.sample.ViewGroup,int]",false,130,3,1,0,1,1,3,4,1,1,2,3,0,0,0,0,0,0,0,0,1,0,0,0,0,0,9,1,0,false
C:\Projetos\LabExperimentacao\medicao-lab2\repos\FloatingActionButton\sample\src\main\java\com\github\clans\fab\sample\ProgressFragment.java,com.github.clans.fab.sample.ProgressFragment$LanguageAdapter,LanguageAdapter/1[java.util.Locale[]],true,125,0,1,1,0,1,0,3,0,0,1,0,0,0,0,0,0,0,0,0,1,0,0,0,0,0,4,2,0,false
C:\Projetos\LabExperimentacao\medicao-lab2\repos\FloatingActionButton\sample\src\main\java\com\github\clans\fab\sample\ProgressFragment.java,com.github.clans.fab.sample.ProgressFragment$LanguageAdapter,"onBindViewHolder/2[com.github.clans.fab.sample.ProgressFragment.ViewHolder,int]",false,138,1,0,0,0,1,2,3,0,0,2,2,0,0,0,0,0,0,0,0,0,0,0,0,0,0,5,1,0,false
C:\Projetos\LabExperimentacao\medicao-lab2\repos\FloatingActionButton\sample\src\main\java\com\github\clans\fab\sample\ProgressFragment.java,com.github.clans.fab.sample.ProgressFragment$Anonymous1,onClick/1[com.github.clans.fab.sample.View],false,52,4,11,0,11,7,7,31,0,1,1,7,0,0,0,0,0,0,0,3,1,0,1,0,0,0,10,1,0,false
C:\Projetos\LabExperimentacao\medicao-lab2\repos\FloatingActionButton\library\src\main\java\com\github\clans\fab\FloatingActionButton.java,com.github.clans.fab.FloatingActionButton$CircleDrawable,CircleDrawable/1[com.github.clans.fab.Shape],true,650,2,2,1,1,4,2,9,0,0,1,2,0,0,0,0,0,0,0,2,4,2,1,0,0,0,19,2,0,false
C:\Projetos\LabExperimentacao\medicao-lab2\repos\FloatingActionButton\library\src\main\java\com\github\clans\fab\FloatingActionButton.java,com.github.clans.fab.FloatingActionButton$CircleDrawable,draw/1[com.github.clans.fab.Canvas],false,662,2,2,0,2,1,4,4,0,0,1,4,0,0,0,0,0,0,0,0,0,2,0,0,0,0,8,1,0,false
C:\Projetos\LabExperimentacao\medicao-lab2\repos\FloatingActionButton\library\src\main\java\com\github\clans\fab\FloatingActionButton.java,com.github.clans.fab.FloatingActionButton$CircleDrawable,CircleDrawable/0,true,647,0,0,0,0,1,0,2,0,0,0,0,0,0,0,0,0,0,0,0,0,0,0,0,0,0,2,2,0,false
C:\Projetos\LabExperimentacao\medicao-lab2\repos\FloatingActionButton\sample\src\main\java\com\github\clans\fab\sample\ProgressFragment.java,com.github.clans.fab.sample.ProgressFragment$Anonymous2,"onScrolled/3[com.github.clans.fab.sample.RecyclerView,int,int]",false,87,2,2,0,2,3,4,11,0,0,3,4,0,0,0,0,0,0,0,1,0,0,2,0,0,0,9,1,0,false
C:\Projetos\LabExperimentacao\medicao-lab2\repos\FloatingActionButton\sample\src\main\java\com\github\clans\fab\sample\ProgressFragment.java,com.github.clans.fab.sample.ProgressFragment$Anonymous3,run/0,false,106,1,13,0,13,1,1,3,0,0,0,1,0,0,0,0,0,0,0,0,0,0,0,0,0,0,3,1,0,false
C:\Projetos\LabExperimentacao\medicao-lab2\repos\FloatingActionButton\library\src\main\java\com\github\clans\fab\FloatingActionMenu.java,com.github.clans.fab.FloatingActionMenu$Anonymous8,run/0,false,846,0,13,0,13,2,2,7,0,0,0,2,0,0,0,0,0,0,0,0,1,0,1,0,0,0,20,1,0,false
C:\Projetos\LabExperimentacao\medicao-lab2\repos\FloatingActionButton\library\src\main\java\com\github\clans\fab\FloatingActionMenu.java,com.github.clans.fab.FloatingActionMenu$Anonymous9,run/0,false,897,1,13,0,13,1,1,3,0,0,0,1,0,0,0,0,0,0,0,0,0,0,0,0,0,0,7,1,0,false
C:\Projetos\LabExperimentacao\medicao-lab2\repos\FloatingActionButton\library\src\main\java\com\github\clans\fab\FloatingActionMenu.java,com.github.clans.fab.FloatingActionMenu$Anonymous6,run/0,false,707,3,13,0,13,5,5,10,1,1,0,5,0,0,0,2,0,0,0,0,1,0,1,0,0,0,11,1,0,false
C:\Projetos\LabExperimentacao\medicao-lab2\repos\FloatingActionButton\sample\src\main\java\com\github\clans\fab\sample\HomeFragment.java,com.github.clans.fab.sample.HomeFragment$Anonymous1,run/0,false,58,1,13,0,13,1,5,5,0,0,0,5,0,0,0,0,0,0,0,0,0,0,0,0,0,0,4,1,0,false
C:\Projetos\LabExperimentacao\medicao-lab2\repos\FloatingActionButton\library\src\main\java\com\github\clans\fab\FloatingActionMenu.java,com.github.clans.fab.FloatingActionMenu$Anonymous7,run/0,false,726,1,13,0,13,2,1,6,0,0,0,1,0,0,0,1,0,0,0,0,1,0,1,0,0,0,8,1,0,false
C:\Projetos\LabExperimentacao\medicao-lab2\repos\FloatingActionButton\library\src\main\java\com\github\clans\fab\FloatingActionMenu.java,com.github.clans.fab.FloatingActionMenu$Anonymous4,run/0,false,651,3,13,0,13,5,5,10,1,1,0,5,0,0,0,2,0,0,0,0,1,0,1,0,0,0,11,1,0,false
C:\Projetos\LabExperimentacao\medicao-lab2\repos\FloatingActionButton\library\src\main\java\com\github\clans\fab\FloatingActionMenu.java,com.github.clans.fab.FloatingActionMenu$OnMenuToggleListener,onMenuToggle/1[boolean],false,110,0,1,1,0,1,0,1,0,0,1,0,0,0,0,0,0,0,0,0,0,0,0,0,0,0,4,0,0,false
C:\Projetos\LabExperimentacao\medicao-lab2\repos\FloatingActionButton\library\src\main\java\com\github\clans\fab\FloatingActionMenu.java,com.github.clans.fab.FloatingActionMenu$Anonymous5,run/0,false,670,1,13,0,13,2,1,6,0,0,0,1,0,0,0,1,0,0,0,0,1,0,1,0,0,0,8,1,0,false
C:\Projetos\LabExperimentacao\medicao-lab2\repos\FloatingActionButton\sample\src\main\java\com\github\clans\fab\sample\HomeFragment.java,com.github.clans.fab.sample.HomeFragment$Anonymous2,"onScroll/4[com.github.clans.fab.sample.AbsListView,int,int,int]",false,71,2,2,0,2,3,2,9,0,0,4,2,0,0,0,0,0,0,0,0,1,0,1,0,0,0,13,1,0,false
C:\Projetos\LabExperimentacao\medicao-lab2\repos\FloatingActionButton\sample\src\main\java\com\github\clans\fab\sample\HomeFragment.java,com.github.clans.fab.sample.HomeFragment$Anonymous2,"onScrollStateChanged/2[com.github.clans.fab.sample.AbsListView,int]",false,67,1,0,0,0,1,0,2,0,0,2,0,0,0,0,0,0,0,0,0,0,0,0,0,0,0,8,1,0,false
C:\Projetos\LabExperimentacao\medicao-lab2\repos\FloatingActionButton\library\src\main\java\com\github\clans\fab\FloatingActionMenu.java,com.github.clans.fab.FloatingActionMenu$Anonymous2,onAnimationUpdate/1[com.github.clans.fab.ValueAnimator],false,230,1,0,0,0,1,3,4,0,1,1,3,0,0,0,0,0,0,0,0,1,0,0,0,0,0,11,1,0,false
C:\Projetos\LabExperimentacao\medicao-lab2\repos\FloatingActionButton\library\src\main\java\com\github\clans\fab\FloatingActionMenu.java,com.github.clans.fab.FloatingActionMenu$Anonymous3,onClick/1[com.github.clans.fab.View],false,468,2,1,0,1,1,1,3,0,0,1,1,0,0,0,0,0,0,0,0,0,0,0,0,0,0,8,1,0,false
C:\Projetos\LabExperimentacao\medicao-lab2\repos\FloatingActionButton\sample\src\main\java\com\github\clans\fab\sample\ProgressFragment.java,com.github.clans.fab.sample.ProgressFragment,"onCreateView/3[com.github.clans.fab.sample.LayoutInflater,com.github.clans.fab.sample.ViewGroup,com.github.clans.fab.sample.Bundle]",false,29,5,0,0,0,1,1,3,1,0,3,1,0,0,0,0,0,0,0,0,0,0,0,0,0,0,10,1,0,false
C:\Projetos\LabExperimentacao\medicao-lab2\repos\FloatingActionButton\sample\src\main\java\com\github\clans\fab\sample\ProgressFragment.java,com.github.clans.fab.sample.ProgressFragment,"onViewCreated/2[com.github.clans.fab.sample.View,com.github.clans.fab.sample.Bundle]",false,34,8,4,0,4,2,12,62,0,3,2,12,0,0,1,0,0,0,0,0,4,0,1,2,0,0,37,1,0,false
C:\Projetos\LabExperimentacao\medicao-lab2\repos\FloatingActionButton\sample\src\main\java\com\github\clans\fab\sample\ProgressFragment.java,com.github.clans.fab.sample.ProgressFragment,"increaseProgress/2[com.github.clans.fab.FloatingActionButton,int]",false,100,1,4,2,2,2,3,21,0,1,2,3,0,0,0,0,0,0,0,2,1,0,1,2,0,0,11,2,0,false
C:\Projetos\LabExperimentacao\medicao-lab2\repos\FloatingActionButton\library\src\main\java\com\github\clans\fab\FloatingActionButton.java,com.github.clans.fab.FloatingActionButton,setImageResource/1[int],false,800,2,2,1,1,2,3,7,0,1,1,3,1,3,0,1,0,0,0,0,2,0,1,0,0,0,13,1,0,false
C:\Projetos\LabExperimentacao\medicao-lab2\repos\FloatingActionButton\library\src\main\java\com\github\clans\fab\FloatingActionButton.java,com.github.clans.fab.FloatingActionButton,createFillDrawable/0,false,399,9,3,1,2,2,5,20,2,2,0,5,1,1,0,0,0,0,0,0,4,0,1,1,0,0,23,2,0,false
C:\Projetos\LabExperimentacao\medicao-lab2\repos\FloatingActionButton\library\src\main\java\com\github\clans\fab\FloatingActionButton.java,com.github.clans.fab.FloatingActionButton,getProgress/0,false,1220,0,0,0,0,2,0,3,1,0,0,0,0,0,0,0,0,0,0,1,0,0,0,0,0,0,4,33,0,false
C:\Projetos\LabExperimentacao\medicao-lab2\repos\FloatingActionButton\library\src\main\java\com\github\clans\fab\FloatingActionButton.java,com.github.clans.fab.FloatingActionButton,createCircleDrawable/1[int],false,423,3,2,1,1,1,2,5,1,1,1,2,0,0,0,0,0,0,0,0,1,0,0,0,0,0,7,2,0,false
C:\Projetos\LabExperimentacao\medicao-lab2\repos\FloatingActionButton\library\src\main\java\com\github\clans\fab\FloatingActionButton.java,com.github.clans.fab.FloatingActionButton,setShadowXOffset/1[int],false,953,1,1,0,1,2,4,8,0,1,1,4,1,3,0,1,0,0,0,0,2,0,1,0,0,0,27,1,0,true
C:\Projetos\LabExperimentacao\medicao-lab2\repos\FloatingActionButton\library\src\main\java\com\github\clans\fab\FloatingActionButton.java,com.github.clans.fab.FloatingActionButton,getMax/0,false,1179,0,0,0,0,1,0,3,1,0,0,0,0,0,0,0,0,0,0,0,0,0,0,0,0,0,4,33,0,false
C:\Projetos\LabExperimentacao\medicao-lab2\repos\FloatingActionButton\library\src\main\java\com\github\clans\fab\FloatingActionButton.java,com.github.clans.fab.FloatingActionButton,hideButtonInMenu/1[boolean],false,1259,3,5,0,5,4,7,20,0,1,1,7,4,2,0,2,0,0,0,0,1,0,2,1,0,0,30,1,0,true
C:\Projetos\LabExperimentacao\medicao-lab2\repos\FloatingActionButton\library\src\main\java\com\github\clans\fab\FloatingActionButton.java,com.github.clans.fab.FloatingActionButton,getShadowRadius/0,false,944,0,2,2,0,1,0,3,1,0,0,0,0,0,0,0,0,0,0,0,0,0,0,0,0,0,4,1,0,false
C:\Projetos\LabExperimentacao\medicao-lab2\repos\FloatingActionButton\library\src\main\java\com\github\clans\fab\FloatingActionButton.java,com.github.clans.fab.FloatingActionButton,getLabelVisibility/0,false,1104,2,1,0,1,2,2,7,2,1,0,2,1,1,0,1,0,0,0,1,1,0,1,0,0,0,7,1,0,false
C:\Projetos\LabExperimentacao\medicao-lab2\repos\FloatingActionButton\library\src\main\java\com\github\clans\fab\FloatingActionButton.java,com.github.clans.fab.FloatingActionButton,"onSizeChanged/4[int,int,int,int]",false,312,1,7,0,7,4,8,19,0,0,4,8,7,10,0,0,0,0,0,0,3,0,1,0,0,0,23,4,0,false
C:\Projetos\LabExperimentacao\medicao-lab2\repos\FloatingActionButton\library\src\main\java\com\github\clans\fab\FloatingActionButton.java,com.github.clans.fab.FloatingActionButton,updateButtonPosition/0,false,453,0,1,1,0,4,4,14,0,2,0,4,0,0,0,0,0,0,0,0,4,4,1,0,0,0,15,2,0,false
C:\Projetos\LabExperimentacao\medicao-lab2\repos\FloatingActionButton\library\src\main\java\com\github\clans\fab\FloatingActionButton.java,com.github.clans.fab.FloatingActionButton,"FloatingActionButton/4[com.github.clans.fab.Context,com.github.clans.fab.AttributeSet,int,int]",true,113,4,1,0,1,1,1,4,0,0,4,1,1,13,0,0,0,0,0,0,0,0,0,0,0,0,8,1,0,false
C:\Projetos\LabExperimentacao\medicao-lab2\repos\FloatingActionButton\library\src\main\java\com\github\clans\fab\FloatingActionButton.java,com.github.clans.fab.FloatingActionButton,"setLabelColors/3[int,int,int]",false,1300,2,4,1,3,1,8,10,0,5,3,8,1,1,0,0,0,0,0,0,5,0,0,0,0,0,16,1,0,true
C:\Projetos\LabExperimentacao\medicao-lab2\repos\FloatingActionButton\library\src\main\java\com\github\clans\fab\FloatingActionButton.java,com.github.clans.fab.FloatingActionButton,getColorRipple/0,false,886,0,0,0,0,1,0,3,1,0,0,0,0,0,0,0,0,0,0,0,0,0,0,0,0,0,4,1,0,false
C:\Projetos\LabExperimentacao\medicao-lab2\repos\FloatingActionButton\library\src\main\java\com\github\clans\fab\FloatingActionButton.java,com.github.clans.fab.FloatingActionButton,setShowShadow/1[boolean],false,905,1,1,0,1,2,1,6,0,0,1,1,1,3,0,1,0,0,0,0,1,0,1,0,0,0,7,1,0,false
C:\Projetos\LabExperimentacao\medicao-lab2\repos\FloatingActionButton\library\src\main\java\com\github\clans\fab\FloatingActionButton.java,com.github.clans.fab.FloatingActionButton,setLabelText/1[java.lang.String],false,1076,2,4,3,1,2,2,7,0,1,1,2,1,1,0,1,0,0,0,0,2,0,1,0,0,0,9,1,0,false
C:\Projetos\LabExperimentacao\medicao-lab2\repos\FloatingActionButton\library\src\main\java\com\github\clans\fab\FloatingActionButton.java,com.github.clans.fab.FloatingActionButton,"FloatingActionButton/2[com.github.clans.fab.Context,com.github.clans.fab.AttributeSet]",true,103,2,0,0,0,1,0,3,0,0,2,0,0,0,0,0,0,0,0,1,0,0,0,0,0,0,5,1,0,false
C:\Projetos\LabExperimentacao\medicao-lab2\repos\FloatingActionButton\library\src\main\java\com\github\clans\fab\FloatingActionButton.java,com.github.clans.fab.FloatingActionButton,setElevation/1[float],false,1114,2,3,1,2,4,4,10,0,0,1,4,1,3,0,0,0,0,0,1,2,0,2,0,0,0,15,1,0,false
C:\Projetos\LabExperimentacao\medicao-lab2\repos\FloatingActionButton\library\src\main\java\com\github\clans\fab\FloatingActionButton.java,com.github.clans.fab.FloatingActionButton,setLabelVisibility/1[int],false,1096,2,2,0,2,2,3,7,0,1,1,3,1,1,0,2,0,0,0,0,1,0,1,0,0,0,14,1,0,false
C:\Projetos\LabExperimentacao\medicao-lab2\repos\FloatingActionButton\library\src\main\java\com\github\clans\fab\FloatingActionButton.java,com.github.clans.fab.FloatingActionButton,calculateCenterY/0,false,219,0,3,3,0,1,1,3,1,0,0,1,0,0,0,0,0,1,0,1,0,1,0,0,0,0,6,2,0,false
C:\Projetos\LabExperimentacao\medicao-lab2\repos\FloatingActionButton\library\src\main\java\com\github\clans\fab\FloatingActionButton.java,com.github.clans.fab.FloatingActionButton,setLabelTextColor/1[com.github.clans.fab.ColorStateList],false,1317,2,2,1,1,1,2,3,0,0,1,2,1,1,0,0,0,0,0,0,0,0,0,0,0,0,9,1,0,false
C:\Projetos\LabExperimentacao\medicao-lab2\repos\FloatingActionButton\library\src\main\java\com\github\clans\fab\FloatingActionButton.java,com.github.clans.fab.FloatingActionButton,hide/1[boolean],false,1059,1,10,8,2,3,3,8,0,0,1,3,2,1,0,0,0,0,0,0,0,0,2,0,0,0,25,1,0,true
C:\Projetos\LabExperimentacao\medicao-lab2\repos\FloatingActionButton\library\src\main\java\com\github\clans\fab\FloatingActionButton.java,com.github.clans.fab.FloatingActionButton,calculateMeasuredHeight/0,false,191,1,5,3,2,2,2,7,1,1,0,2,2,2,0,0,0,0,0,1,2,2,1,0,0,0,13,2,0,false
C:\Projetos\LabExperimentacao\medicao-lab2\repos\FloatingActionButton\library\src\main\java\com\github\clans\fab\FloatingActionButton.java,com.github.clans.fab.FloatingActionButton,toggle/1[boolean],false,1068,1,3,0,3,2,3,8,0,0,1,3,3,3,0,0,0,0,0,0,0,0,1,0,0,0,6,1,0,false
C:\Projetos\LabExperimentacao\medicao-lab2\repos\FloatingActionButton\library\src\main\java\com\github\clans\fab\FloatingActionButton.java,com.github.clans.fab.FloatingActionButton,setShowAnimation/1[com.github.clans.fab.Animation],false,1088,1,3,3,0,1,0,3,0,0,1,0,0,0,0,0,0,0,0,0,1,0,0,0,0,0,5,1,0,false
C:\Projetos\LabExperimentacao\medicao-lab2\repos\FloatingActionButton\library\src\main\java\com\github\clans\fab\FloatingActionButton.java,com.github.clans.fab.FloatingActionButton,"init/3[com.github.clans.fab.Context,com.github.clans.fab.AttributeSet,int]",false,118,4,9,2,7,7,18,45,0,2,3,18,7,12,0,0,0,0,0,10,20,0,2,0,0,0,46,2,0,false
C:\Projetos\LabExperimentacao\medicao-lab2\repos\FloatingActionButton\library\src\main\java\com\github\clans\fab\FloatingActionButton.java,com.github.clans.fab.FloatingActionButton,onDraw/1[com.github.clans.fab.Canvas],false,230,2,1,0,1,9,8,45,0,7,1,8,1,1,0,1,0,1,0,10,17,10,4,0,0,0,35,4,0,false
C:\Projetos\LabExperimentacao\medicao-lab2\repos\FloatingActionButton\library\src\main\java\com\github\clans\fab\FloatingActionButton.java,com.github.clans.fab.FloatingActionButton,setColorNormalResId/1[int],false,852,1,2,1,1,1,3,3,0,0,1,3,1,4,0,0,0,0,0,0,0,0,0,0,0,0,8,1,0,false
C:\Projetos\LabExperimentacao\medicao-lab2\repos\FloatingActionButton\library\src\main\java\com\github\clans\fab\FloatingActionButton.java,com.github.clans.fab.FloatingActionButton,getOnClickListener/0,false,506,1,2,2,0,1,0,3,1,0,0,0,0,0,0,0,0,0,0,0,0,0,0,0,0,0,5,0,0,false
C:\Projetos\LabExperimentacao\medicao-lab2\repos\FloatingActionButton\library\src\main\java\com\github\clans\fab\FloatingActionButton.java,com.github.clans.fab.FloatingActionButton,initShowAnimation/1[com.github.clans.fab.TypedArray],false,168,1,1,1,0,1,3,4,0,1,1,3,0,0,0,0,0,0,0,0,2,0,0,0,0,0,11,2,0,false
C:\Projetos\LabExperimentacao\medicao-lab2\repos\FloatingActionButton\library\src\main\java\com\github\clans\fab\FloatingActionButton.java,com.github.clans.fab.FloatingActionButton,setLabelTextColor/1[int],false,1313,1,1,0,1,1,2,3,0,0,1,2,1,1,0,0,0,0,0,0,0,0,0,0,0,0,7,1,0,false
C:\Projetos\LabExperimentacao\medicao-lab2\repos\FloatingActionButton\library\src\main\java\com\github\clans\fab\FloatingActionButton.java,com.github.clans.fab.FloatingActionButton,updateProgressLength/1[long],false,286,0,1,1,0,4,1,23,0,3,1,1,0,0,0,0,0,3,0,5,11,10,2,0,0,0,40,2,0,false
C:\Projetos\LabExperimentacao\medicao-lab2\repos\FloatingActionButton\library\src\main\java\com\github\clans\fab\FloatingActionButton.java,com.github.clans.fab.FloatingActionButton,setHideAnimation/1[com.github.clans.fab.Animation],false,1092,1,3,3,0,1,0,3,0,0,1,0,0,0,0,0,0,0,0,0,1,0,0,0,0,0,5,1,0,false
C:\Projetos\LabExperimentacao\medicao-lab2\repos\FloatingActionButton\library\src\main\java\com\github\clans\fab\FloatingActionButton.java,com.github.clans.fab.FloatingActionButton,getIconDrawable/0,false,390,2,1,1,0,2,0,8,2,0,0,0,0,0,0,1,0,0,0,0,0,0,1,0,0,0,6,4,0,false
C:\Projetos\LabExperimentacao\medicao-lab2\repos\FloatingActionButton\library\src\main\java\com\github\clans\fab\FloatingActionButton.java,com.github.clans.fab.FloatingActionButton,setColorRipple/1[int],false,875,1,3,2,1,2,1,6,0,0,1,1,1,3,0,1,0,0,0,0,1,0,1,0,0,0,7,1,0,false
C:\Projetos\LabExperimentacao\medicao-lab2\repos\FloatingActionButton\library\src\main\java\com\github\clans\fab\FloatingActionButton.java,com.github.clans.fab.FloatingActionButton,hasShadow/0,false,912,0,6,6,0,1,0,3,1,0,0,0,0,0,0,0,0,0,0,0,0,0,0,0,0,0,6,1,0,false
C:\Projetos\LabExperimentacao\medicao-lab2\repos\FloatingActionButton\library\src\main\java\com\github\clans\fab\FloatingActionButton.java,com.github.clans.fab.FloatingActionButton,setShadowColorResource/1[int],false,1012,1,1,0,1,2,3,7,0,1,1,3,1,3,0,1,0,0,0,0,2,0,1,0,0,0,13,1,0,false
C:\Projetos\LabExperimentacao\medicao-lab2\repos\FloatingActionButton\library\src\main\java\com\github\clans\fab\FloatingActionButton.java,com.github.clans.fab.FloatingActionButton,playShowAnimation/0,false,496,0,1,1,0,1,2,4,0,0,0,2,0,0,0,0,0,0,0,0,0,0,0,0,0,0,5,0,0,false
C:\Projetos\LabExperimentacao\medicao-lab2\repos\FloatingActionButton\library\src\main\java\com\github\clans\fab\FloatingActionButton.java,com.github.clans.fab.FloatingActionButton,getColorNormal/0,false,856,0,0,0,0,1,0,3,1,0,0,0,0,0,0,0,0,0,0,0,0,0,0,0,0,0,4,1,0,false
C:\Projetos\LabExperimentacao\medicao-lab2\repos\FloatingActionButton\library\src\main\java\com\github\clans\fab\FloatingActionButton.java,com.github.clans.fab.FloatingActionButton,setMax/1[int],false,1175,0,1,1,0,1,0,3,0,0,1,0,0,0,0,0,0,0,0,0,1,0,0,0,0,0,5,33,0,false
C:\Projetos\LabExperimentacao\medicao-lab2\repos\FloatingActionButton\library\src\main\java\com\github\clans\fab\FloatingActionButton.java,com.github.clans.fab.FloatingActionButton,getColorDisabled/0,false,901,0,0,0,0,1,0,3,1,0,0,0,0,0,0,0,0,0,0,0,0,0,0,0,0,0,4,1,0,false
C:\Projetos\LabExperimentacao\medicao-lab2\repos\FloatingActionButton\library\src\main\java\com\github\clans\fab\FloatingActionButton.java,com.github.clans.fab.FloatingActionButton,setEnabled/1[boolean],false,1239,1,1,1,0,2,2,7,0,1,1,2,0,0,0,1,0,0,0,0,1,0,1,0,0,0,8,1,0,false
C:\Projetos\LabExperimentacao\medicao-lab2\repos\FloatingActionButton\library\src\main\java\com\github\clans\fab\FloatingActionButton.java,com.github.clans.fab.FloatingActionButton,initHideAnimation/1[com.github.clans.fab.TypedArray],false,173,1,1,1,0,1,3,4,0,1,1,3,0,0,0,0,0,0,0,0,2,0,0,0,0,0,11,2,0,false
C:\Projetos\LabExperimentacao\medicao-lab2\repos\FloatingActionButton\library\src\main\java\com\github\clans\fab\FloatingActionButton.java,com.github.clans.fab.FloatingActionButton,setImageDrawable/1[com.github.clans.fab.Drawable],false,792,2,1,0,1,2,1,6,0,0,1,1,1,3,0,1,0,0,0,0,1,0,1,0,0,0,8,1,0,false
C:\Projetos\LabExperimentacao\medicao-lab2\repos\FloatingActionButton\library\src\main\java\com\github\clans\fab\FloatingActionButton.java,com.github.clans.fab.FloatingActionButton,calculateShadowWidth/0,false,199,1,3,1,2,2,2,3,1,0,0,2,2,1,0,0,0,0,0,2,0,1,0,0,0,0,6,0,0,false
C:\Projetos\LabExperimentacao\medicao-lab2\repos\FloatingActionButton\library\src\main\java\com\github\clans\fab\FloatingActionButton.java,com.github.clans.fab.FloatingActionButton,saveButtonOriginalPosition/0,false,439,0,3,3,0,4,2,11,0,0,0,2,0,0,0,2,0,0,0,2,3,0,2,0,0,0,10,2,0,false
C:\Projetos\LabExperimentacao\medicao-lab2\repos\FloatingActionButton\library\src\main\java\com\github\clans\fab\FloatingActionButton.java,com.github.clans.fab.FloatingActionButton,setShowProgressBackground/1[boolean],false,1230,0,1,1,0,1,0,3,0,0,1,0,0,0,0,0,0,0,0,0,1,0,0,0,0,0,6,33,0,false
C:\Projetos\LabExperimentacao\medicao-lab2\repos\FloatingActionButton\library\src\main\java\com\github\clans\fab\FloatingActionButton.java,com.github.clans.fab.FloatingActionButton,getLabelText/0,false,1084,0,1,1,0,1,0,3,1,0,0,0,0,0,0,0,0,0,0,0,0,0,0,0,0,0,4,1,0,false
C:\Projetos\LabExperimentacao\medicao-lab2\repos\FloatingActionButton\library\src\main\java\com\github\clans\fab\FloatingActionButton.java,com.github.clans.fab.FloatingActionButton,onTouchEvent/1[com.github.clans.fab.MotionEvent],false,547,3,2,0,2,8,6,23,2,2,1,6,1,2,0,4,0,0,0,0,2,0,3,0,0,0,18,1,0,false
C:\Projetos\LabExperimentacao\medicao-lab2\repos\FloatingActionButton\library\src\main\java\com\github\clans\fab\FloatingActionButton.java,com.github.clans.fab.FloatingActionButton,setupProgressBarPaints/0,false,467,0,1,1,0,1,3,8,0,0,0,3,0,0,0,0,0,0,0,0,0,0,0,0,0,0,8,2,0,false
C:\Projetos\LabExperimentacao\medicao-lab2\repos\FloatingActionButton\library\src\main\java\com\github\clans\fab\FloatingActionButton.java,com.github.clans.fab.FloatingActionButton,setShadowYOffset/1[int],false,985,1,1,0,1,2,4,8,0,1,1,4,1,3,0,1,0,0,0,0,2,0,1,0,0,0,27,1,0,true
C:\Projetos\LabExperimentacao\medicao-lab2\repos\FloatingActionButton\library\src\main\java\com\github\clans\fab\FloatingActionButton.java,com.github.clans.fab.FloatingActionButton,onActionDown/0,false,521,7,4,1,3,3,6,12,0,2,0,6,2,1,0,0,0,0,0,0,2,0,1,0,0,0,14,0,0,false
C:\Projetos\LabExperimentacao\medicao-lab2\repos\FloatingActionButton\library\src\main\java\com\github\clans\fab\FloatingActionButton.java,com.github.clans.fab.FloatingActionButton,getShadowYOffset/0,false,1008,0,2,2,0,1,0,3,1,0,0,0,0,0,0,0,0,0,0,0,0,0,0,0,0,0,5,1,0,false
C:\Projetos\LabExperimentacao\medicao-lab2\repos\FloatingActionButton\library\src\main\java\com\github\clans\fab\FloatingActionButton.java,com.github.clans.fab.FloatingActionButton,calculateMeasuredWidth/0,false,183,1,5,3,2,2,2,7,1,1,0,2,2,2,0,0,0,0,0,1,2,2,1,0,0,0,12,2,0,false
C:\Projetos\LabExperimentacao\medicao-lab2\repos\FloatingActionButton\library\src\main\java\com\github\clans\fab\FloatingActionButton.java,com.github.clans.fab.FloatingActionButton,setColorPressed/1[int],false,860,1,3,2,1,2,1,6,0,0,1,1,1,3,0,1,0,0,0,0,1,0,1,0,0,0,7,1,0,false
C:\Projetos\LabExperimentacao\medicao-lab2\repos\FloatingActionButton\library\src\main\java\com\github\clans\fab\FloatingActionButton.java,com.github.clans.fab.FloatingActionButton,getShadowXOffset/0,false,976,0,2,2,0,1,0,3,1,0,0,0,0,0,0,0,0,0,0,0,0,0,0,0,0,0,5,1,0,false
C:\Projetos\LabExperimentacao\medicao-lab2\repos\FloatingActionButton\library\src\main\java\com\github\clans\fab\FloatingActionButton.java,com.github.clans.fab.FloatingActionButton,getShadowY/0,false,211,0,3,3,0,1,1,3,1,0,0,1,0,0,0,0,0,0,0,0,0,1,0,0,0,0,6,2,0,false
C:\Projetos\LabExperimentacao\medicao-lab2\repos\FloatingActionButton\library\src\main\java\com\github\clans\fab\FloatingActionButton.java,com.github.clans.fab.FloatingActionButton,getShowAnimation/0,false,488,1,0,0,0,1,0,3,1,0,0,0,0,0,0,0,0,0,0,0,0,0,0,0,0,0,4,0,0,false
C:\Projetos\LabExperimentacao\medicao-lab2\repos\FloatingActionButton\library\src\main\java\com\github\clans\fab\FloatingActionButton.java,com.github.clans.fab.FloatingActionButton,isHidden/0,false,1036,0,5,5,0,2,1,3,1,0,0,1,0,0,0,1,0,0,0,0,0,0,0,0,0,0,18,1,0,true
C:\Projetos\LabExperimentacao\medicao-lab2\repos\FloatingActionButton\library\src\main\java\com\github\clans\fab\FloatingActionButton.java,com.github.clans.fab.FloatingActionButton,getColorPressed/0,false,871,0,0,0,0,1,0,3,1,0,0,0,0,0,0,0,0,0,0,0,0,0,0,0,0,0,4,1,0,false
C:\Projetos\LabExperimentacao\medicao-lab2\repos\FloatingActionButton\library\src\main\java\com\github\clans\fab\FloatingActionButton.java,com.github.clans.fab.FloatingActionButton,getButtonSize/0,false,841,0,0,0,0,1,0,3,1,0,0,0,0,0,0,0,0,0,0,0,0,0,0,0,0,0,5,1,0,false
C:\Projetos\LabExperimentacao\medicao-lab2\repos\FloatingActionButton\library\src\main\java\com\github\clans\fab\FloatingActionButton.java,com.github.clans.fab.FloatingActionButton,setVisibility/1[int],false,1248,1,3,3,0,2,2,7,0,1,1,2,0,0,0,1,0,0,0,0,1,0,1,0,0,0,8,1,0,false
C:\Projetos\LabExperimentacao\medicao-lab2\repos\FloatingActionButton\library\src\main\java\com\github\clans\fab\FloatingActionButton.java,com.github.clans.fab.FloatingActionButton,setElevationCompat/1[float],false,1132,4,4,1,3,4,6,20,0,1,1,6,2,4,0,2,0,0,0,4,8,2,2,0,0,0,59,1,0,true
C:\Projetos\LabExperimentacao\medicao-lab2\repos\FloatingActionButton\library\src\main\java\com\github\clans\fab\FloatingActionButton.java,com.github.clans.fab.FloatingActionButton,setupProgressBounds/0,false,477,2,8,3,5,3,5,5,0,2,0,5,5,5,0,0,0,0,0,6,3,8,0,0,0,0,17,2,0,false
C:\Projetos\LabExperimentacao\medicao-lab2\repos\FloatingActionButton\library\src\main\java\com\github\clans\fab\FloatingActionButton.java,com.github.clans.fab.FloatingActionButton,setColorRippleResId/1[int],false,882,1,2,1,1,1,3,3,0,0,1,3,1,4,0,0,0,0,0,0,0,0,0,0,0,0,8,1,0,false
C:\Projetos\LabExperimentacao\medicao-lab2\repos\FloatingActionButton\library\src\main\java\com\github\clans\fab\FloatingActionButton.java,com.github.clans.fab.FloatingActionButton,onSaveInstanceState/0,false,597,2,1,0,1,2,1,16,1,2,0,1,0,0,0,0,0,0,0,1,13,0,0,0,0,0,10,1,0,false
C:\Projetos\LabExperimentacao\medicao-lab2\repos\FloatingActionButton\library\src\main\java\com\github\clans\fab\FloatingActionButton.java,com.github.clans.fab.FloatingActionButton,setColorNormal/1[int],false,845,1,3,2,1,2,1,6,0,0,1,1,1,3,0,1,0,0,0,0,1,0,1,0,0,0,7,1,0,false
C:\Projetos\LabExperimentacao\medicao-lab2\repos\FloatingActionButton\library\src\main\java\com\github\clans\fab\FloatingActionButton.java,com.github.clans.fab.FloatingActionButton,setButtonSize/1[int],false,830,1,2,1,1,4,1,9,0,0,1,1,1,3,0,3,0,0,1,0,1,0,1,0,0,0,32,1,0,true
C:\Projetos\LabExperimentacao\medicao-lab2\repos\FloatingActionButton\library\src\main\java\com\github\clans\fab\FloatingActionButton.java,com.github.clans.fab.FloatingActionButton,setShadowRadius/1[int],false,921,1,1,0,1,2,4,8,0,1,1,4,1,3,0,1,0,0,0,0,2,0,1,0,0,0,25,1,0,true
C:\Projetos\LabExperimentacao\medicao-lab2\repos\FloatingActionButton\library\src\main\java\com\github\clans\fab\FloatingActionButton.java,com.github.clans.fab.FloatingActionButton,onActionUp/0,false,534,7,6,3,3,3,6,12,0,2,0,6,2,1,0,0,0,0,0,0,2,0,1,0,0,0,14,0,0,false
C:\Projetos\LabExperimentacao\medicao-lab2\repos\FloatingActionButton\library\src\main\java\com\github\clans\fab\FloatingActionButton.java,com.github.clans.fab.FloatingActionButton,FloatingActionButton/1[com.github.clans.fab.Context],true,99,1,2,2,0,1,0,3,0,0,1,0,0,0,0,0,0,0,0,0,0,0,0,0,0,0,5,1,0,false
C:\Projetos\LabExperimentacao\medicao-lab2\repos\FloatingActionButton\library\src\main\java\com\github\clans\fab\FloatingActionButton.java,com.github.clans.fab.FloatingActionButton,"FloatingActionButton/3[com.github.clans.fab.Context,com.github.clans.fab.AttributeSet,int]",true,107,3,1,0,1,1,1,4,0,0,3,1,1,13,0,0,0,0,0,0,0,0,0,0,0,0,8,1,0,false
C:\Projetos\LabExperimentacao\medicao-lab2\repos\FloatingActionButton\library\src\main\java\com\github\clans\fab\FloatingActionButton.java,com.github.clans.fab.FloatingActionButton,show/1[boolean],false,1045,1,8,6,2,3,3,8,0,0,1,3,2,1,0,0,0,0,0,0,0,0,2,0,0,0,24,1,0,true
C:\Projetos\LabExperimentacao\medicao-lab2\repos\FloatingActionButton\library\src\main\java\com\github\clans\fab\FloatingActionButton.java,com.github.clans.fab.FloatingActionButton,setLayoutParams/1[ViewGroup.LayoutParams],false,334,4,3,1,2,3,3,9,0,0,1,3,2,1,0,0,0,4,0,0,4,0,1,0,0,0,12,1,0,false
C:\Projetos\LabExperimentacao\medicao-lab2\repos\FloatingActionButton\library\src\main\java\com\github\clans\fab\FloatingActionButton.java,com.github.clans.fab.FloatingActionButton,isProgressBackgroundShown/0,false,1234,0,0,0,0,1,0,3,1,0,0,0,0,0,0,0,0,0,0,0,0,0,0,0,0,0,6,33,0,false
C:\Projetos\LabExperimentacao\medicao-lab2\repos\FloatingActionButton\library\src\main\java\com\github\clans\fab\FloatingActionButton.java,com.github.clans.fab.FloatingActionButton,setBackgroundCompat/1[com.github.clans.fab.Drawable],false,431,3,2,1,1,2,3,8,0,0,1,3,0,0,0,0,0,0,1,0,0,0,1,0,0,0,5,2,0,false
C:\Projetos\LabExperimentacao\medicao-lab2\repos\FloatingActionButton\library\src\main\java\com\github\clans\fab\FloatingActionButton.java,com.github.clans.fab.FloatingActionButton,setShadowYOffset/1[float],false,1002,2,2,0,2,1,4,5,0,0,1,4,1,3,0,0,0,0,0,0,1,0,0,0,0,0,38,1,0,true
C:\Projetos\LabExperimentacao\medicao-lab2\repos\FloatingActionButton\library\src\main\java\com\github\clans\fab\FloatingActionButton.java,com.github.clans.fab.FloatingActionButton,calculateCenterX/0,false,215,0,3,3,0,1,1,3,1,0,0,1,0,0,0,0,0,1,0,1,0,1,0,0,0,0,6,2,0,false
C:\Projetos\LabExperimentacao\medicao-lab2\repos\FloatingActionButton\library\src\main\java\com\github\clans\fab\FloatingActionButton.java,com.github.clans.fab.FloatingActionButton,setShadowColor/1[int],false,1020,1,1,0,1,2,1,6,0,0,1,1,1,3,0,1,0,0,0,0,1,0,1,0,0,0,7,1,0,false
C:\Projetos\LabExperimentacao\medicao-lab2\repos\FloatingActionButton\library\src\main\java\com\github\clans\fab\FloatingActionButton.java,com.github.clans.fab.FloatingActionButton,"onMeasure/2[int,int]",false,224,1,2,0,2,1,3,3,0,0,2,3,2,5,0,0,0,0,0,0,0,0,0,0,0,0,9,4,0,false
C:\Projetos\LabExperimentacao\medicao-lab2\repos\FloatingActionButton\library\src\main\java\com\github\clans\fab\FloatingActionButton.java,com.github.clans.fab.FloatingActionButton,calculateShadowHeight/0,false,203,1,3,1,2,2,2,3,1,0,0,2,2,1,0,0,0,0,0,2,0,1,0,0,0,0,6,0,0,false
C:\Projetos\LabExperimentacao\medicao-lab2\repos\FloatingActionButton\library\src\main\java\com\github\clans\fab\FloatingActionButton.java,com.github.clans.fab.FloatingActionButton,updateBackground/0,false,344,4,29,23,6,8,10,22,0,5,0,10,5,2,0,1,0,2,0,7,9,8,1,0,0,0,30,0,0,false
C:\Projetos\LabExperimentacao\medicao-lab2\repos\FloatingActionButton\library\src\main\java\com\github\clans\fab\FloatingActionButton.java,com.github.clans.fab.FloatingActionButton,getShadowX/0,false,207,0,3,3,0,1,1,3,1,0,0,1,0,0,0,0,0,0,0,0,0,1,0,0,0,0,6,2,0,false
C:\Projetos\LabExperimentacao\medicao-lab2\repos\FloatingActionButton\library\src\main\java\com\github\clans\fab\FloatingActionButton.java,com.github.clans.fab.FloatingActionButton,setColorDisabledResId/1[int],false,897,1,1,0,1,1,3,3,0,0,1,3,1,4,0,0,0,0,0,0,0,0,0,0,0,0,8,1,0,false
C:\Projetos\LabExperimentacao\medicao-lab2\repos\FloatingActionButton\library\src\main\java\com\github\clans\fab\FloatingActionButton.java,com.github.clans.fab.FloatingActionButton,hideProgress/0,false,1224,1,3,2,1,1,1,5,0,0,0,1,1,3,0,0,0,0,0,0,2,0,0,0,0,0,13,33,0,false
C:\Projetos\LabExperimentacao\medicao-lab2\repos\FloatingActionButton\library\src\main\java\com\github\clans\fab\FloatingActionButton.java,com.github.clans.fab.FloatingActionButton,setShadowXOffset/1[float],false,970,2,2,0,2,1,4,5,0,0,1,4,1,3,0,0,0,0,0,0,1,0,0,0,0,0,38,1,0,true
C:\Projetos\LabExperimentacao\medicao-lab2\repos\FloatingActionButton\library\src\main\java\com\github\clans\fab\FloatingActionButton.java,com.github.clans.fab.FloatingActionButton,setOnClickListener/1[com.github.clans.fab.OnClickListener],false,809,2,5,5,0,2,2,15,0,1,1,2,0,0,0,1,0,0,0,0,2,0,1,1,0,0,13,1,0,false
C:\Projetos\LabExperimentacao\medicao-lab2\repos\FloatingActionButton\library\src\main\java\com\github\clans\fab\FloatingActionButton.java,com.github.clans.fab.FloatingActionButton,"setProgress/2[int,boolean]",false,1183,1,7,4,3,8,5,29,3,0,2,5,3,8,0,1,0,1,0,5,10,2,1,0,0,0,29,33,0,false
C:\Projetos\LabExperimentacao\medicao-lab2\repos\FloatingActionButton\library\src\main\java\com\github\clans\fab\FloatingActionButton.java,com.github.clans.fab.FloatingActionButton,onRestoreInstanceState/1[com.github.clans.fab.Parcelable],false,618,2,0,0,0,2,3,20,1,1,1,3,0,0,0,0,0,1,0,0,13,0,1,0,0,0,9,1,0,false
C:\Projetos\LabExperimentacao\medicao-lab2\repos\FloatingActionButton\library\src\main\java\com\github\clans\fab\FloatingActionButton.java,com.github.clans.fab.FloatingActionButton,setIndeterminate/1[boolean],false,1161,1,5,3,2,2,3,11,0,0,1,3,2,8,0,0,0,0,0,1,5,0,1,0,0,0,36,33,0,true
C:\Projetos\LabExperimentacao\medicao-lab2\repos\FloatingActionButton\library\src\main\java\com\github\clans\fab\FloatingActionButton.java,com.github.clans.fab.FloatingActionButton,getLabelView/0,false,510,1,9,9,0,1,1,3,1,0,0,1,0,0,0,0,0,0,0,0,0,0,0,0,0,0,4,0,0,false
C:\Projetos\LabExperimentacao\medicao-lab2\repos\FloatingActionButton\library\src\main\java\com\github\clans\fab\FloatingActionButton.java,com.github.clans.fab.FloatingActionButton,getShadowColor/0,false,1027,0,1,1,0,1,0,3,1,0,0,0,0,0,0,0,0,0,0,0,0,0,0,0,0,0,4,1,0,false
C:\Projetos\LabExperimentacao\medicao-lab2\repos\FloatingActionButton\library\src\main\java\com\github\clans\fab\FloatingActionButton.java,com.github.clans.fab.FloatingActionButton,showButtonInMenu/1[boolean],false,1286,2,4,0,4,3,5,9,1,1,1,5,3,2,0,2,0,0,0,0,1,0,1,0,0,0,19,1,0,false
C:\Projetos\LabExperimentacao\medicao-lab2\repos\FloatingActionButton\library\src\main\java\com\github\clans\fab\FloatingActionButton.java,com.github.clans.fab.FloatingActionButton,setColorDisabled/1[int],false,890,1,2,1,1,2,1,6,0,0,1,1,1,3,0,1,0,0,0,0,1,0,1,0,0,0,7,1,0,false
C:\Projetos\LabExperimentacao\medicao-lab2\repos\FloatingActionButton\library\src\main\java\com\github\clans\fab\FloatingActionButton.java,com.github.clans.fab.FloatingActionButton,getHideAnimation/0,false,492,1,2,2,0,1,0,3,1,0,0,0,0,0,0,0,0,0,0,0,0,0,0,0,0,0,4,0,0,false
C:\Projetos\LabExperimentacao\medicao-lab2\repos\FloatingActionButton\library\src\main\java\com\github\clans\fab\FloatingActionButton.java,com.github.clans.fab.FloatingActionButton,"setColors/3[int,int,int]",false,514,0,1,1,0,1,0,5,0,0,3,0,0,0,0,0,0,0,0,0,3,0,0,0,0,0,8,0,0,false
C:\Projetos\LabExperimentacao\medicao-lab2\repos\FloatingActionButton\library\src\main\java\com\github\clans\fab\FloatingActionButton.java,com.github.clans.fab.FloatingActionButton,setColorPressedResId/1[int],false,867,1,2,1,1,1,3,3,0,0,1,3,1,4,0,0,0,0,0,0,0,0,0,0,0,0,8,1,0,false
C:\Projetos\LabExperimentacao\medicao-lab2\repos\FloatingActionButton\library\src\main\java\com\github\clans\fab\FloatingActionButton.java,com.github.clans.fab.FloatingActionButton,getCircleSize/0,false,178,0,4,4,0,2,2,3,1,0,0,2,0,0,0,1,0,0,0,0,0,0,0,0,0,0,17,2,0,false
C:\Projetos\LabExperimentacao\medicao-lab2\repos\FloatingActionButton\library\src\main\java\com\github\clans\fab\FloatingActionButton.java,com.github.clans.fab.FloatingActionButton,playHideAnimation/0,false,501,0,1,1,0,1,2,4,0,0,0,2,0,0,0,0,0,0,0,0,0,0,0,0,0,0,5,0,0,false
C:\Projetos\LabExperimentacao\medicao-lab2\repos\FloatingActionButton\library\src\main\java\com\github\clans\fab\FloatingActionButton.java,com.github.clans.fab.FloatingActionButton,setShadowRadius/1[float],false,938,2,2,0,2,1,4,5,0,0,1,4,1,3,0,0,0,0,0,0,1,0,0,0,0,0,35,1,0,true
C:\Projetos\LabExperimentacao\medicao-lab2\repos\FloatingActionButton\sample\src\main\java\com\github\clans\fab\sample\MainActivity.java,com.github.clans.fab.sample.MainActivity,onCreate/1[com.github.clans.fab.sample.Bundle],false,21,6,1,0,1,2,12,16,0,3,1,12,0,0,0,1,0,0,0,0,4,0,1,0,0,0,32,4,0,false
C:\Projetos\LabExperimentacao\medicao-lab2\repos\FloatingActionButton\sample\src\main\java\com\github\clans\fab\sample\MainActivity.java,com.github.clans.fab.sample.MainActivity,onBackPressed/0,false,70,0,0,0,0,3,3,8,0,0,0,3,0,0,0,1,0,0,0,0,0,0,1,0,0,0,7,1,0,false
C:\Projetos\LabExperimentacao\medicao-lab2\repos\FloatingActionButton\library\src\main\java\com\github\clans\fab\Label.java,com.github.clans.fab.Label,onActionUp/0,false,214,6,4,3,1,5,7,15,0,2,0,7,0,0,0,0,0,0,0,2,3,2,1,0,0,0,16,0,0,false
C:\Projetos\LabExperimentacao\medicao-lab2\repos\FloatingActionButton\library\src\main\java\com\github\clans\fab\Label.java,com.github.clans.fab.Label,setFab/1[com.github.clans.fab.FloatingActionButton],false,231,2,2,1,1,1,1,4,0,0,1,1,1,1,0,0,0,0,0,0,1,0,0,0,0,0,8,0,0,false
C:\Projetos\LabExperimentacao\medicao-lab2\repos\FloatingActionButton\library\src\main\java\com\github\clans\fab\Label.java,com.github.clans.fab.Label,setHandleVisibilityChanges/1[boolean],false,276,0,1,1,0,1,0,3,0,0,1,0,0,0,0,0,0,0,0,0,1,0,0,0,0,0,6,0,0,false
C:\Projetos\LabExperimentacao\medicao-lab2\repos\FloatingActionButton\library\src\main\java\com\github\clans\fab\Label.java,com.github.clans.fab.Label,setShowAnimation/1[com.github.clans.fab.Animation],false,264,1,1,1,0,1,0,3,0,0,1,0,0,0,0,0,0,0,0,0,1,0,0,0,0,0,5,0,0,false
C:\Projetos\LabExperimentacao\medicao-lab2\repos\FloatingActionButton\library\src\main\java\com\github\clans\fab\Label.java,com.github.clans.fab.Label,"Label/2[com.github.clans.fab.Context,com.github.clans.fab.AttributeSet]",true,55,2,0,0,0,1,0,3,0,0,2,0,0,0,0,0,0,0,0,0,0,0,0,0,0,0,3,1,0,false
C:\Projetos\LabExperimentacao\medicao-lab2\repos\FloatingActionButton\library\src\main\java\com\github\clans\fab\Label.java,com.github.clans.fab.Label,onActionDown/0,false,196,6,2,1,1,5,7,15,0,2,0,7,0,0,0,0,0,0,0,2,3,2,1,0,0,0,16,0,0,false
C:\Projetos\LabExperimentacao\medicao-lab2\repos\FloatingActionButton\library\src\main\java\com\github\clans\fab\Label.java,com.github.clans.fab.Label,setHideAnimation/1[com.github.clans.fab.Animation],false,268,1,1,1,0,1,0,3,0,0,1,0,0,0,0,0,0,0,0,0,1,0,0,0,0,0,5,0,0,false
C:\Projetos\LabExperimentacao\medicao-lab2\repos\FloatingActionButton\library\src\main\java\com\github\clans\fab\Label.java,com.github.clans.fab.Label,setShowShadow/1[boolean],false,236,0,1,1,0,1,0,3,0,0,1,0,0,0,0,0,0,0,0,0,1,0,0,0,0,0,5,0,0,false
C:\Projetos\LabExperimentacao\medicao-lab2\repos\FloatingActionButton\library\src\main\java\com\github\clans\fab\Label.java,com.github.clans.fab.Label,hide/1[boolean],false,257,1,3,2,1,2,2,6,0,0,1,2,1,1,0,0,0,0,0,0,0,0,1,0,0,0,14,0,0,false
C:\Projetos\LabExperimentacao\medicao-lab2\repos\FloatingActionButton\library\src\main\java\com\github\clans\fab\Label.java,com.github.clans.fab.Label,setShadow/1[com.github.clans.fab.FloatingActionButton],false,163,1,6,1,5,1,5,7,0,0,1,5,0,0,0,0,0,0,0,0,5,0,0,0,0,0,13,2,0,false
C:\Projetos\LabExperimentacao\medicao-lab2\repos\FloatingActionButton\library\src\main\java\com\github\clans\fab\Label.java,com.github.clans.fab.Label,calculateShadowWidth/0,false,83,0,2,2,0,2,1,3,1,0,0,1,0,0,0,0,0,1,0,1,0,1,0,0,0,0,8,0,0,false
C:\Projetos\LabExperimentacao\medicao-lab2\repos\FloatingActionButton\library\src\main\java\com\github\clans\fab\Label.java,com.github.clans.fab.Label,onTouchEvent/1[com.github.clans.fab.MotionEvent],false,285,3,3,0,3,6,6,18,2,1,1,6,1,1,0,2,0,0,0,0,1,0,1,0,0,0,11,1,0,false
C:\Projetos\LabExperimentacao\medicao-lab2\repos\FloatingActionButton\library\src\main\java\com\github\clans\fab\Label.java,com.github.clans.fab.Label,updateBackground/0,false,91,4,5,2,3,2,4,15,0,5,0,4,2,2,0,0,0,2,0,1,6,4,1,0,0,0,21,0,0,false
C:\Projetos\LabExperimentacao\medicao-lab2\repos\FloatingActionButton\library\src\main\java\com\github\clans\fab\Label.java,com.github.clans.fab.Label,"Label/3[com.github.clans.fab.Context,com.github.clans.fab.AttributeSet,int]",true,59,2,0,0,0,1,0,3,0,0,3,0,0,0,0,0,0,0,0,0,0,0,0,0,0,0,5,1,0,false
C:\Projetos\LabExperimentacao\medicao-lab2\repos\FloatingActionButton\library\src\main\java\com\github\clans\fab\Label.java,com.github.clans.fab.Label,playShowAnimation/0,false,181,0,1,1,0,2,2,6,0,0,0,2,0,0,0,1,0,0,0,0,0,0,1,0,0,0,6,2,0,false
C:\Projetos\LabExperimentacao\medicao-lab2\repos\FloatingActionButton\library\src\main\java\com\github\clans\fab\Label.java,com.github.clans.fab.Label,show/1[boolean],false,250,1,3,2,1,2,2,6,0,0,1,2,1,1,0,0,0,0,0,0,0,0,1,0,0,0,13,0,0,false
C:\Projetos\LabExperimentacao\medicao-lab2\repos\FloatingActionButton\library\src\main\java\com\github\clans\fab\Label.java,com.github.clans.fab.Label,isHandleVisibilityChanges/0,false,280,0,1,1,0,1,0,3,1,0,0,0,0,0,0,0,0,0,0,0,0,0,0,0,0,0,5,0,0,false
C:\Projetos\LabExperimentacao\medicao-lab2\repos\FloatingActionButton\library\src\main\java\com\github\clans\fab\Label.java,com.github.clans.fab.Label,calculateMeasuredHeight/0,false,76,1,2,1,1,2,2,6,1,0,0,2,1,1,0,1,0,0,0,1,1,1,1,0,0,0,7,2,0,false
C:\Projetos\LabExperimentacao\medicao-lab2\repos\FloatingActionButton\library\src\main\java\com\github\clans\fab\Label.java,com.github.clans.fab.Label,createRectDrawable/1[int],false,144,4,1,1,0,1,2,6,1,2,1,2,0,0,0,0,0,0,0,0,2,0,0,0,0,0,7,2,0,false
C:\Projetos\LabExperimentacao\medicao-lab2\repos\FloatingActionButton\library\src\main\java\com\github\clans\fab\Label.java,com.github.clans.fab.Label,createFillDrawable/0,false,121,9,3,1,2,2,5,19,2,2,0,5,1,1,0,0,0,0,0,0,4,0,1,1,0,0,22,2,0,false
C:\Projetos\LabExperimentacao\medicao-lab2\repos\FloatingActionButton\library\src\main\java\com\github\clans\fab\Label.java,com.github.clans.fab.Label,"setColors/3[int,int,int]",false,244,0,2,2,0,1,0,5,0,0,3,0,0,0,0,0,0,0,0,0,3,0,0,0,0,0,8,0,0,false
C:\Projetos\LabExperimentacao\medicao-lab2\repos\FloatingActionButton\library\src\main\java\com\github\clans\fab\Label.java,com.github.clans.fab.Label,calculateMeasuredWidth/0,false,69,1,2,1,1,2,2,6,1,0,0,2,1,1,0,1,0,0,0,1,1,1,1,0,0,0,7,2,0,false
C:\Projetos\LabExperimentacao\medicao-lab2\repos\FloatingActionButton\library\src\main\java\com\github\clans\fab\Label.java,com.github.clans.fab.Label,calculateShadowHeight/0,false,87,0,1,1,0,2,1,3,1,0,0,1,0,0,0,0,0,1,0,1,0,1,0,0,0,0,8,0,0,false
C:\Projetos\LabExperimentacao\medicao-lab2\repos\FloatingActionButton\library\src\main\java\com\github\clans\fab\Label.java,com.github.clans.fab.Label,setUsingStyle/1[boolean],false,272,0,1,1,0,1,0,3,0,0,1,0,0,0,0,0,0,0,0,0,1,0,0,0,0,0,5,0,0,false
C:\Projetos\LabExperimentacao\medicao-lab2\repos\FloatingActionButton\library\src\main\java\com\github\clans\fab\Label.java,com.github.clans.fab.Label,Label/1[com.github.clans.fab.Context],true,51,1,1,1,0,1,0,3,0,0,1,0,0,0,0,0,0,0,0,0,0,0,0,0,0,0,3,1,0,false
C:\Projetos\LabExperimentacao\medicao-lab2\repos\FloatingActionButton\library\src\main\java\com\github\clans\fab\Label.java,com.github.clans.fab.Label,playHideAnimation/0,false,188,0,1,1,0,2,2,6,0,0,0,2,0,0,0,1,0,0,0,0,0,0,1,0,0,0,6,2,0,false
C:\Projetos\LabExperimentacao\medicao-lab2\repos\FloatingActionButton\library\src\main\java\com\github\clans\fab\Label.java,com.github.clans.fab.Label,setBackgroundCompat/1[com.github.clans.fab.Drawable],false,173,3,2,1,1,2,3,8,0,0,1,3,0,0,0,0,0,0,1,0,0,0,1,0,0,0,5,2,0,false
C:\Projetos\LabExperimentacao\medicao-lab2\repos\FloatingActionButton\library\src\main\java\com\github\clans\fab\Label.java,com.github.clans.fab.Label,"onMeasure/2[int,int]",false,64,1,2,0,2,1,4,4,0,0,2,4,2,3,0,0,0,0,0,0,0,0,0,0,0,0,9,4,0,false
C:\Projetos\LabExperimentacao\medicao-lab2\repos\FloatingActionButton\library\src\main\java\com\github\clans\fab\Label.java,com.github.clans.fab.Label,setCornerRadius/1[int],false,240,0,1,1,0,1,0,3,0,0,1,0,0,0,0,0,0,0,0,0,1,0,0,0,0,0,5,0,0,false
C:\Projetos\LabExperimentacao\medicao-lab2\repos\FloatingActionButton\library\src\main\java\com\github\clans\fab\FloatingActionButton.java,com.github.clans.fab.FloatingActionButton$ProgressSavedState$Anonymous3,createFromParcel/1[Parcel],false,779,1,0,0,0,1,0,3,1,0,1,0,0,0,0,0,0,0,0,0,0,0,0,0,0,0,7,1,0,false
C:\Projetos\LabExperimentacao\medicao-lab2\repos\FloatingActionButton\library\src\main\java\com\github\clans\fab\FloatingActionButton.java,com.github.clans.fab.FloatingActionButton$ProgressSavedState$Anonymous3,newArray/1[int],false,783,1,0,0,0,1,0,3,1,0,1,0,0,0,0,0,0,0,0,0,0,0,0,0,0,0,3,1,0,false
C:\Projetos\LabExperimentacao\medicao-lab2\repos\FloatingActionButton\library\src\main\java\com\github\clans\fab\Label.java,com.github.clans.fab.Label$Shadow,init/0,false,337,0,1,1,0,2,6,9,0,0,0,6,0,0,0,0,0,0,0,0,0,0,1,0,0,0,23,2,0,false
C:\Projetos\LabExperimentacao\medicao-lab2\repos\FloatingActionButton\library\src\main\java\com\github\clans\fab\Label.java,com.github.clans.fab.Label$Shadow,draw/1[com.github.clans.fab.Canvas],false,350,2,0,0,0,1,2,5,0,1,1,2,0,0,0,0,0,0,0,0,1,2,0,0,0,0,12,1,0,false
C:\Projetos\LabExperimentacao\medicao-lab2\repos\FloatingActionButton\library\src\main\java\com\github\clans\fab\Label.java,com.github.clans.fab.Label$Shadow,Shadow/0,true,333,1,2,1,1,1,1,3,0,0,0,1,1,1,0,0,0,0,0,0,0,0,0,0,0,0,1,2,0,false
C:\Projetos\LabExperimentacao\medicao-lab2\repos\FloatingActionButton\library\src\main\java\com\github\clans\fab\Label.java,com.github.clans.fab.Label$Shadow,setColorFilter/1[com.github.clans.fab.ColorFilter],false,368,1,0,0,0,1,0,2,0,0,1,0,0,0,0,0,0,0,0,0,0,0,0,0,0,0,4,1,0,false
C:\Projetos\LabExperimentacao\medicao-lab2\repos\FloatingActionButton\library\src\main\java\com\github\clans\fab\Label.java,com.github.clans.fab.Label$Shadow,getOpacity/0,false,373,0,0,0,0,1,0,3,1,0,0,0,0,0,0,0,0,0,0,1,0,0,0,0,0,0,2,1,0,false
C:\Projetos\LabExperimentacao\medicao-lab2\repos\FloatingActionButton\library\src\main\java\com\github\clans\fab\Label.java,com.github.clans.fab.Label$Shadow,setAlpha/1[int],false,363,0,0,0,0,1,0,2,0,0,1,0,0,0,0,0,0,0,0,0,0,0,0,0,0,0,3,1,0,false
C:\Projetos\LabExperimentacao\medicao-lab2\repos\FloatingActionButton\sample\src\main\java\com\github\clans\fab\sample\HomeFragment.java,com.github.clans.fab.sample.HomeFragment,"onViewCreated/2[com.github.clans.fab.sample.View,com.github.clans.fab.sample.Bundle]",false,36,5,0,0,0,1,2,5,0,0,2,2,0,0,0,0,0,0,0,0,2,0,0,0,0,0,13,1,0,false
C:\Projetos\LabExperimentacao\medicao-lab2\repos\FloatingActionButton\sample\src\main\java\com\github\clans\fab\sample\HomeFragment.java,com.github.clans.fab.sample.HomeFragment,"onCreateView/3[com.github.clans.fab.sample.LayoutInflater,com.github.clans.fab.sample.ViewGroup,com.github.clans.fab.sample.Bundle]",false,31,5,0,0,0,1,1,3,1,0,3,1,0,0,0,0,0,0,0,0,0,0,0,0,0,0,8,1,0,false
C:\Projetos\LabExperimentacao\medicao-lab2\repos\FloatingActionButton\sample\src\main\java\com\github\clans\fab\sample\HomeFragment.java,com.github.clans.fab.sample.HomeFragment,onActivityCreated/1[com.github.clans.fab.sample.Bundle],false,43,6,2,0,2,2,9,32,0,2,1,9,0,0,1,0,0,0,0,1,2,0,1,2,0,0,31,1,0,false
C:\Projetos\LabExperimentacao\medicao-lab2\repos\FloatingActionButton\sample\src\main\java\com\github\clans\fab\sample\ProgressFragment.java,com.github.clans.fab.sample.ProgressFragment$ViewHolder,ViewHolder/1[com.github.clans.fab.sample.TextView],true,152,1,1,1,0,1,0,4,0,0,1,0,0,0,0,0,0,0,0,0,1,0,0,0,0,0,5,1,0,false
C:\Projetos\LabExperimentacao\medicao-lab2\repos\FloatingActionButton\sample\src\main\java\com\github\clans\fab\sample\ProgressFragment.java,com.github.clans.fab.sample.ProgressFragment$Anonymous4,run/0,false,113,1,13,0,13,1,1,3,0,0,0,1,0,0,0,0,0,0,0,0,0,0,0,0,0,0,1,1,0,false
C:\Projetos\LabExperimentacao\medicao-lab2\repos\FloatingActionButton\sample\src\androidTest\java\com\dmytrotarianyk\fab\ApplicationTest.java,com.dmytrotarianyk.fab.ApplicationTest,ApplicationTest/0,true,10,1,0,0,0,1,0,3,0,0,0,0,0,0,0,0,0,0,0,0,0,0,0,0,0,0,2,1,0,false
C:\Projetos\LabExperimentacao\medicao-lab2\repos\FloatingActionButton\library\src\main\java\com\github\clans\fab\FloatingActionButton.java,com.github.clans.fab.FloatingActionButton$Shadow,setColorFilter/1[com.github.clans.fab.ColorFilter],false,709,1,0,0,0,1,0,2,0,0,1,0,0,0,0,0,0,0,0,0,0,0,0,0,0,0,4,1,0,false
C:\Projetos\LabExperimentacao\medicao-lab2\repos\FloatingActionButton\library\src\main\java\com\github\clans\fab\FloatingActionButton.java,com.github.clans.fab.FloatingActionButton$Shadow,init/0,false,679,1,2,1,1,4,7,13,0,0,0,7,0,0,0,0,0,0,0,1,2,1,1,0,0,0,33,2,0,false
C:\Projetos\LabExperimentacao\medicao-lab2\repos\FloatingActionButton\library\src\main\java\com\github\clans\fab\FloatingActionButton.java,com.github.clans.fab.FloatingActionButton$Shadow,setAlpha/1[int],false,704,0,0,0,0,1,0,2,0,0,1,0,0,0,0,0,0,0,0,0,0,0,0,0,0,0,3,1,0,false
C:\Projetos\LabExperimentacao\medicao-lab2\repos\FloatingActionButton\library\src\main\java\com\github\clans\fab\FloatingActionButton.java,com.github.clans.fab.FloatingActionButton$Shadow,Shadow/0,true,675,1,2,1,1,1,1,3,0,0,0,1,1,1,0,0,0,0,0,0,0,0,0,0,0,0,1,2,0,false
C:\Projetos\LabExperimentacao\medicao-lab2\repos\FloatingActionButton\library\src\main\java\com\github\clans\fab\FloatingActionButton.java,com.github.clans.fab.FloatingActionButton$Shadow,draw/1[com.github.clans.fab.Canvas],false,698,2,2,0,2,1,3,4,0,0,1,3,0,0,0,0,0,0,0,0,0,0,0,0,0,0,6,1,0,false
C:\Projetos\LabExperimentacao\medicao-lab2\repos\FloatingActionButton\library\src\main\java\com\github\clans\fab\FloatingActionButton.java,com.github.clans.fab.FloatingActionButton$Shadow,getOpacity/0,false,714,0,0,0,0,1,0,3,1,0,0,0,0,0,0,0,0,0,0,1,0,0,0,0,0,0,2,1,0,false
C:\Projetos\LabExperimentacao\medicao-lab2\repos\FloatingActionButton\sample\src\main\java\com\github\clans\fab\sample\MenusFragment.java,com.github.clans.fab.sample.MenusFragment,"onViewCreated/2[com.github.clans.fab.sample.View,com.github.clans.fab.sample.Bundle]",false,52,6,12,0,12,1,16,41,0,3,2,16,0,0,0,0,0,0,1,0,13,0,0,1,0,0,39,1,0,false
C:\Projetos\LabExperimentacao\medicao-lab2\repos\FloatingActionButton\sample\src\main\java\com\github\clans\fab\sample\MenusFragment.java,com.github.clans.fab.sample.MenusFragment,"onCreateView/3[com.github.clans.fab.sample.LayoutInflater,com.github.clans.fab.sample.ViewGroup,com.github.clans.fab.sample.Bundle]",false,47,5,0,0,0,1,1,3,1,0,3,1,0,0,0,0,0,0,0,0,0,0,0,0,0,0,8,1,0,false
C:\Projetos\LabExperimentacao\medicao-lab2\repos\FloatingActionButton\sample\src\main\java\com\github\clans\fab\sample\MenusFragment.java,com.github.clans.fab.sample.MenusFragment,createCustomAnimation/0,false,163,5,3,1,2,1,9,21,0,5,0,9,0,0,0,0,0,0,4,13,5,0,0,1,0,0,19,2,0,false
C:\Projetos\LabExperimentacao\medicao-lab2\repos\FloatingActionButton\sample\src\main\java\com\github\clans\fab\sample\MenusFragment.java,com.github.clans.fab.sample.MenusFragment,onActivityCreated/1[com.github.clans.fab.sample.Bundle],false,104,8,5,0,5,2,7,51,0,1,1,7,1,1,1,0,0,0,0,3,2,1,1,4,0,0,36,1,0,false
C:\Projetos\LabExperimentacao\medicao-lab2\repos\FloatingActionButton\library\src\main\java\com\github\clans\fab\FloatingActionButton.java,com.github.clans.fab.FloatingActionButton$ProgressSavedState,"writeToParcel/2[com.github.clans.fab.Parcel,int]",false,759,1,0,0,0,8,3,17,0,0,2,3,0,0,0,0,0,1,0,14,0,0,0,0,0,0,8,1,0,false
C:\Projetos\LabExperimentacao\medicao-lab2\repos\FloatingActionButton\library\src\main\java\com\github\clans\fab\FloatingActionButton.java,com.github.clans.fab.FloatingActionButton$ProgressSavedState,ProgressSavedState/1[com.github.clans.fab.Parcelable],true,736,1,1,1,0,1,0,3,0,0,1,0,0,0,0,0,0,0,0,0,0,0,0,0,0,0,5,0,0,false
C:\Projetos\LabExperimentacao\medicao-lab2\repos\FloatingActionButton\library\src\main\java\com\github\clans\fab\FloatingActionButton.java,com.github.clans.fab.FloatingActionButton$ProgressSavedState,ProgressSavedState/1[com.github.clans.fab.Parcel],true,740,1,0,0,0,8,2,17,0,0,1,2,0,0,0,7,0,0,0,7,14,0,0,0,0,0,5,2,0,false
