file,class,type,cbo,cboModified,fanin,fanout,wmc,dit,noc,rfc,lcom,lcom*,tcc,lcc,totalMethodsQty,staticMethodsQty,publicMethodsQty,privateMethodsQty,protectedMethodsQty,defaultMethodsQty,visibleMethodsQty,abstractMethodsQty,finalMethodsQty,synchronizedMethodsQty,totalFieldsQty,staticFieldsQty,publicFieldsQty,privateFieldsQty,protectedFieldsQty,defaultFieldsQty,finalFieldsQty,synchronizedFieldsQty,nosi,loc,returnQty,loopQty,comparisonsQty,tryCatchQty,parenthesizedExpsQty,stringLiteralsQty,numbersQty,assignmentsQty,mathOperationsQty,variablesQty,maxNestedBlocksQty,anonymousClassesQty,innerClassesQty,lambdasQty,uniqueWordsQty,modifiers,logStatementsQty
C:\Projetos\LabExperimentacao\medicao-lab2\repos\Java-WebSocket\src\main\java\org\java_websocket\client\DnsResolver.java,org.java_websocket.client.DnsResolver,interface,0,1,1,0,1,1,0,0,0,0.0,NaN,NaN,1,0,0,0,0,1,1,0,0,0,0,0,0,0,0,0,0,0,0,3,0,0,0,0,0,0,0,0,0,0,0,0,0,0,44,1,0
C:\Projetos\LabExperimentacao\medicao-lab2\repos\Java-WebSocket\src\test\java\org\java_websocket\server\WebSocketServerTest.java,org.java_websocket.server.WebSocketServerTest,class,8,8,0,8,21,4,0,19,15,0.0,0.0,0.0,6,0,6,0,0,0,6,0,0,0,0,0,0,0,0,0,0,0,9,158,0,0,0,15,0,17,23,24,0,23,1,0,1,0,47,1,0
C:\Projetos\LabExperimentacao\medicao-lab2\repos\Java-WebSocket\src\main\example\ServerStressTest.java,ServerStressTest$Anonymous1,anonymous,1,1,0,1,1,1,0,4,0,0.0,NaN,NaN,1,0,1,0,0,0,1,0,0,0,0,0,0,0,0,0,0,0,0,22,0,0,0,0,0,0,0,1,0,0,0,1,0,0,12,-1,0
C:\Projetos\LabExperimentacao\medicao-lab2\repos\Java-WebSocket\src\test\java\org\java_websocket\issues\Issue997Test.java,org.java_websocket.issues.Issue997Test$SSLWebSocketClient,innerclass,2,2,0,2,8,4,0,2,13,0.77777773,0.0,0.0,6,0,5,0,1,0,6,0,0,0,3,0,2,1,0,0,1,0,0,27,0,0,1,0,0,1,0,5,1,3,1,0,0,0,32,10,0
C:\Projetos\LabExperimentacao\medicao-lab2\repos\Java-WebSocket\src\main\java\org\java_websocket\client\WebSocketClient.java,org.java_websocket.client.WebSocketClient$Anonymous1,anonymous,0,0,0,0,1,1,0,2,0,0.0,NaN,NaN,1,0,1,0,0,0,1,0,0,0,0,0,0,0,0,0,0,0,1,5,1,0,0,0,0,0,0,0,0,0,0,0,0,0,10,-1,0
C:\Projetos\LabExperimentacao\medicao-lab2\repos\Java-WebSocket\src\main\java\org\java_websocket\server\WebSocketServer.java,org.java_websocket.server.WebSocketServer,class,17,67,50,17,162,4,24,145,1748,0.92871094,0.0,0.0,64,0,44,14,6,0,50,5,8,0,16,1,0,15,1,0,6,0,15,628,30,9,38,15,3,14,16,59,8,48,5,0,1,0,466,1025,6
C:\Projetos\LabExperimentacao\medicao-lab2\repos\Java-WebSocket\src\test\java\org\java_websocket\util\ByteBufferUtilsTest.java,org.java_websocket.util.ByteBufferUtilsTest,class,3,4,1,3,12,1,0,10,8,0.5625,0.0,0.0,8,0,8,0,0,0,8,0,0,0,2,2,0,2,0,0,0,0,17,72,0,0,1,3,0,23,44,13,0,13,1,0,0,0,52,1,0
C:\Projetos\LabExperimentacao\medicao-lab2\repos\Java-WebSocket\src\test\java\org\java_websocket\issues\AllIssueTests.java,org.java_websocket.issues.AllIssueTests,class,17,18,1,17,0,1,0,0,0,0.0,-1.0,-1.0,0,0,0,0,0,0,0,0,0,0,0,0,0,0,0,0,0,0,0,2,0,0,0,0,0,0,0,0,0,0,0,0,0,0,3,1,0
C:\Projetos\LabExperimentacao\medicao-lab2\repos\Java-WebSocket\src\test\java\org\java_websocket\issues\Issue847Test.java,org.java_websocket.issues.Issue847Test$Anonymous2,anonymous,2,2,0,2,5,1,0,3,10,0.0,0.0,0.0,5,0,5,0,0,0,5,0,0,0,0,0,0,0,0,0,0,0,0,16,0,0,0,0,0,1,1,1,0,0,0,0,0,0,21,-1,0
C:\Projetos\LabExperimentacao\medicao-lab2\repos\Java-WebSocket\src\test\java\org\java_websocket\issues\Issue847Test.java,org.java_websocket.issues.Issue847Test$Anonymous1,anonymous,6,6,0,6,8,1,0,23,0,0.0,NaN,NaN,1,0,1,0,0,0,1,0,0,0,0,0,0,0,0,0,0,0,7,57,0,2,0,2,0,10,9,19,3,14,5,0,0,0,44,-1,0
C:\Projetos\LabExperimentacao\medicao-lab2\repos\Java-WebSocket\src\test\java\org\java_websocket\framing\AllFramingTests.java,org.java_websocket.framing.AllFramingTests,class,10,11,1,10,0,1,0,0,0,0.0,-1.0,-1.0,0,0,0,0,0,0,0,0,0,0,0,0,0,0,0,0,0,0,0,2,0,0,0,0,0,0,0,0,0,0,0,0,0,0,3,1,0
C:\Projetos\LabExperimentacao\medicao-lab2\repos\Java-WebSocket\src\main\java\org\java_websocket\WebSocketListener.java,org.java_websocket.WebSocketListener,interface,8,11,3,8,16,1,0,0,120,0.0,0.0,0.0,16,0,0,0,0,16,16,0,0,0,0,0,0,0,0,0,0,0,0,18,0,0,0,0,0,0,0,0,0,0,0,0,0,0,222,1,0
C:\Projetos\LabExperimentacao\medicao-lab2\repos\Java-WebSocket\src\main\example\SSLClientExample.java,WebSocketChatClient,class,2,3,1,2,5,4,0,2,10,0.0,0.0,0.0,5,0,5,0,0,0,5,0,0,0,0,0,0,0,0,0,0,0,0,17,0,0,0,0,0,3,0,0,1,0,0,0,0,0,21,0,0
C:\Projetos\LabExperimentacao\medicao-lab2\repos\Java-WebSocket\src\test\java\org\java_websocket\autobahn\AutobahnServerResultsTest.java,org.java_websocket.autobahn.AutobahnServerResultsTest,class,3,3,0,3,607,1,0,8,0,0.0,0.0,0.0,303,1,303,0,0,0,303,0,0,0,1,1,0,0,0,1,0,0,0,1824,0,0,1,0,0,2419,302,307,302,305,1,0,0,0,68,1,0
C:\Projetos\LabExperimentacao\medicao-lab2\repos\Java-WebSocket\src\test\java\org\java_websocket\issues\Issue855Test.java,org.java_websocket.issues.Issue855Test,class,4,4,0,4,1,1,0,5,0,0.5,NaN,NaN,1,0,1,0,0,0,1,0,0,0,2,0,0,0,0,2,0,0,1,38,0,0,0,0,0,1,3,5,1,5,0,2,0,0,23,1,0
C:\Projetos\LabExperimentacao\medicao-lab2\repos\Java-WebSocket\src\main\java\org\java_websocket\enums\ReadyState.java,org.java_websocket.enums.ReadyState,enum,0,3,3,0,0,1,0,0,0,0.0,-1.0,-1.0,0,0,0,0,0,0,0,0,0,0,0,0,0,0,0,0,0,0,0,1,0,0,0,0,0,0,0,0,0,0,0,0,0,0,19,1,0
C:\Projetos\LabExperimentacao\medicao-lab2\repos\Java-WebSocket\src\test\java\org\java_websocket\exceptions\LimitExceededExceptionTest.java,org.java_websocket.exceptions.LimitExceededExceptionTest,class,3,4,1,3,2,1,0,3,1,0.0,0.0,0.0,2,0,2,0,0,0,2,0,0,0,0,0,0,0,0,0,0,0,0,14,0,0,0,0,0,7,0,3,0,2,0,0,0,0,24,1,0
C:\Projetos\LabExperimentacao\medicao-lab2\repos\Java-WebSocket\src\main\java\org\java_websocket\util\NamedThreadFactory.java,org.java_websocket.util.NamedThreadFactory,class,0,1,1,0,2,1,0,3,0,0.33333334,0.0,0.0,2,0,2,0,0,0,2,0,0,0,3,0,0,3,0,0,3,0,1,13,1,0,0,0,0,1,1,4,1,4,0,0,0,0,12,1,0
C:\Projetos\LabExperimentacao\medicao-lab2\repos\Java-WebSocket\src\test\java\org\java_websocket\framing\ContinuousFrameTest.java,org.java_websocket.framing.ContinuousFrameTest,class,4,5,1,4,5,1,0,11,3,0.0,0.0,0.0,3,0,3,0,0,0,3,0,0,0,0,0,0,0,0,0,0,0,0,31,0,0,0,2,0,10,1,3,0,3,1,0,0,0,24,1,0
C:\Projetos\LabExperimentacao\medicao-lab2\repos\Java-WebSocket\src\main\java\org\java_websocket\SSLSocketChannel2.java,org.java_websocket.SSLSocketChannel2,class,5,9,4,5,95,1,0,69,106,0.8367347,0.0,0.0,28,0,17,9,2,0,19,0,0,3,14,1,0,2,12,0,1,0,10,319,32,7,38,4,5,3,22,39,0,31,4,0,0,0,182,1,2
C:\Projetos\LabExperimentacao\medicao-lab2\repos\Java-WebSocket\src\main\java\org\java_websocket\extensions\permessage_deflate\PerMessageDeflateExtension.java,org.java_websocket.extensions.permessage_deflate.PerMessageDeflateExtension,class,11,15,4,11,51,3,0,31,144,0.89523804,0.0,0.0,21,1,19,2,0,0,19,0,0,0,15,9,0,15,0,0,9,0,5,175,20,5,3,1,11,17,22,42,9,32,3,0,0,0,139,1,0
C:\Projetos\LabExperimentacao\medicao-lab2\repos\Java-WebSocket\src\test\java\org\java_websocket\util\SocketUtil.java,org.java_websocket.util.SocketUtil,class,0,28,28,0,2,1,0,2,0,0.0,NaN,NaN,1,1,1,0,0,0,1,0,0,0,0,0,0,0,0,0,0,0,0,14,1,0,1,1,0,0,1,2,0,1,2,0,0,0,11,1,0
C:\Projetos\LabExperimentacao\medicao-lab2\repos\Java-WebSocket\src\test\java\org\java_websocket\issues\Issue677Test.java,org.java_websocket.issues.Issue677Test,class,4,5,1,4,1,1,0,10,0,0.0,NaN,NaN,1,0,1,0,0,0,1,0,0,0,2,0,0,0,0,2,0,0,1,56,0,0,0,0,0,7,2,6,2,6,0,3,0,0,27,1,0
C:\Projetos\LabExperimentacao\medicao-lab2\repos\Java-WebSocket\src\main\java\org\java_websocket\framing\CloseFrame.java,org.java_websocket.framing.CloseFrame,class,7,13,6,7,40,3,0,31,0,0.87692297,0.0,0.0,13,0,11,2,0,0,11,0,0,0,20,18,18,2,0,0,18,0,6,146,11,0,18,2,2,9,36,40,8,27,2,0,0,0,238,1,0
C:\Projetos\LabExperimentacao\medicao-lab2\repos\Java-WebSocket\src\test\java\org\java_websocket\issues\Issue941Test.java,org.java_websocket.issues.Issue941Test$Anonymous2,anonymous,3,3,0,3,6,1,0,4,15,0.0,0.0,0.0,6,0,6,0,0,0,6,0,0,0,0,0,0,0,0,0,0,0,0,17,0,0,0,0,0,0,0,1,0,0,0,0,0,0,21,-1,0
C:\Projetos\LabExperimentacao\medicao-lab2\repos\Java-WebSocket\src\main\java\org\java_websocket\framing\TextFrame.java,org.java_websocket.framing.TextFrame,class,4,13,9,4,3,3,0,3,1,0.0,0.0,0.0,2,0,2,0,0,0,2,0,0,0,0,0,0,0,0,0,0,0,1,11,0,0,0,0,0,1,0,0,0,0,1,0,0,0,26,1,0
C:\Projetos\LabExperimentacao\medicao-lab2\repos\Java-WebSocket\src\test\java\org\java_websocket\server\CustomSSLWebSocketServerFactoryTest.java,org.java_websocket.server.CustomSSLWebSocketServerFactoryTest$CustomWebSocketAdapter,innerclass,3,3,0,3,10,2,0,0,45,0.0,0.0,0.0,10,0,10,0,0,0,10,0,0,0,0,0,0,0,0,0,0,0,0,24,2,0,0,0,0,0,0,0,0,0,0,0,0,0,31,10,0
C:\Projetos\LabExperimentacao\medicao-lab2\repos\Java-WebSocket\src\main\java\org\java_websocket\AbstractWebSocket.java,org.java_websocket.AbstractWebSocket$Anonymous1,anonymous,2,2,0,2,3,1,0,5,0,0.0,NaN,NaN,1,0,1,0,0,0,1,0,0,0,1,0,0,1,0,0,0,0,1,19,0,1,0,1,2,0,1,2,2,2,2,0,0,0,29,-1,0
C:\Projetos\LabExperimentacao\medicao-lab2\repos\Java-WebSocket\src\main\example\ServerStressTest.java,ServerStressTest$Anonymous8,anonymous,0,0,0,0,1,1,0,4,0,0.0,NaN,NaN,1,0,1,0,0,0,1,0,0,0,0,0,0,0,0,0,0,0,0,7,0,0,0,0,0,2,0,0,1,0,0,0,0,0,6,-1,0
C:\Projetos\LabExperimentacao\medicao-lab2\repos\Java-WebSocket\src\test\java\org\java_websocket\issues\Issue256Test.java,org.java_websocket.issues.Issue256Test$Anonymous1,anonymous,2,2,0,2,5,1,0,6,10,0.0,0.0,0.0,5,0,5,0,0,0,5,0,0,0,0,0,0,0,0,0,0,0,0,17,0,0,0,0,0,1,0,0,0,0,0,0,0,0,22,-1,0
C:\Projetos\LabExperimentacao\medicao-lab2\repos\Java-WebSocket\src\main\example\ServerStressTest.java,ServerStressTest$Anonymous9,anonymous,1,1,0,1,1,1,0,1,0,0.0,NaN,NaN,1,0,1,0,0,0,1,0,0,0,0,0,0,0,0,0,0,0,0,5,0,0,0,0,0,0,0,0,0,0,0,0,0,0,2,-1,0
C:\Projetos\LabExperimentacao\medicao-lab2\repos\Java-WebSocket\src\test\java\org\java_websocket\issues\Issue256Test.java,org.java_websocket.issues.Issue256Test$Anonymous2,anonymous,1,1,0,1,4,1,0,5,6,0.0,0.0,0.0,4,0,4,0,0,0,4,0,0,0,0,0,0,0,0,0,0,0,0,15,0,0,0,0,0,1,0,0,0,0,0,0,0,0,19,-1,0
C:\Projetos\LabExperimentacao\medicao-lab2\repos\Java-WebSocket\src\main\example\ServerStressTest.java,ServerStressTest$Anonymous6,anonymous,0,0,0,0,1,1,0,2,0,0.0,NaN,NaN,1,0,1,0,0,0,1,0,0,0,0,0,0,0,0,0,0,0,0,5,0,0,0,0,0,1,0,0,1,0,0,0,0,0,5,-1,0
C:\Projetos\LabExperimentacao\medicao-lab2\repos\Java-WebSocket\src\main\example\ServerStressTest.java,ServerStressTest$Anonymous7,anonymous,0,0,0,0,1,1,0,2,0,0.0,NaN,NaN,1,0,1,0,0,0,1,0,0,0,0,0,0,0,0,0,0,0,0,5,0,0,0,0,0,2,0,0,1,0,0,0,0,0,6,-1,0
C:\Projetos\LabExperimentacao\medicao-lab2\repos\Java-WebSocket\src\main\example\ServerRejectHandshakeExample.java,ServerRejectHandshakeExample,class,9,10,1,9,11,5,0,12,3,0.0,0.0,0.0,3,1,3,0,0,0,3,0,0,0,0,0,0,0,0,0,0,0,1,43,1,1,0,1,0,13,3,6,1,5,2,0,0,0,53,1,0
C:\Projetos\LabExperimentacao\medicao-lab2\repos\Java-WebSocket\src\main\example\ServerStressTest.java,ServerStressTest$Anonymous4,anonymous,1,1,0,1,2,1,0,3,0,0.0,NaN,NaN,1,0,1,0,0,0,1,0,0,0,0,0,0,0,0,0,0,0,0,7,0,1,0,0,0,0,1,0,0,0,1,0,0,0,5,-1,0
C:\Projetos\LabExperimentacao\medicao-lab2\repos\Java-WebSocket\src\main\example\ServerStressTest.java,ServerStressTest$Anonymous5,anonymous,0,0,0,0,1,1,0,2,0,0.0,NaN,NaN,1,0,1,0,0,0,1,0,0,0,0,0,0,0,0,0,0,0,0,5,0,0,0,0,0,2,0,0,1,0,0,0,0,0,6,-1,0
C:\Projetos\LabExperimentacao\medicao-lab2\repos\Java-WebSocket\src\main\example\ServerStressTest.java,ServerStressTest$Anonymous3,anonymous,1,1,0,1,1,1,0,4,0,0.0,NaN,NaN,1,0,1,0,0,0,1,0,0,0,0,0,0,0,0,0,0,0,0,12,0,0,0,0,0,0,0,0,0,0,0,0,0,0,9,-1,0
C:\Projetos\LabExperimentacao\medicao-lab2\repos\Java-WebSocket\src\test\java\org\java_websocket\server\DefaultWebSocketServerFactoryTest.java,org.java_websocket.server.DefaultWebSocketServerFactoryTest,class,6,7,1,6,3,2,0,8,3,0.0,0.0,0.0,3,0,3,0,0,0,3,0,0,0,0,0,0,0,0,0,0,0,1,44,0,0,0,0,1,3,0,8,0,7,0,0,1,0,25,1,0
C:\Projetos\LabExperimentacao\medicao-lab2\repos\Java-WebSocket\src\test\java\org\java_websocket\issues\Issue1142Test.java,org.java_websocket.issues.Issue1142Test$MyWebSocketServer,innerclass,3,3,0,3,6,4,0,2,13,0.6666667,0.0,0.0,6,0,6,0,0,0,6,0,0,0,1,0,0,1,0,0,1,0,0,19,0,0,0,0,0,0,0,1,0,1,0,0,0,0,25,10,0
C:\Projetos\LabExperimentacao\medicao-lab2\repos\Java-WebSocket\src\main\java\org\java_websocket\WebSocketFactory.java,org.java_websocket.WebSocketFactory,interface,3,5,2,3,2,1,0,0,1,0.0,0.0,0.0,2,0,0,0,0,2,2,0,0,0,0,0,0,0,0,0,0,0,0,4,0,0,0,0,0,0,0,0,0,0,0,0,0,0,25,1,0
C:\Projetos\LabExperimentacao\medicao-lab2\repos\Java-WebSocket\src\test\java\org\java_websocket\issues\Issue941Test.java,org.java_websocket.issues.Issue941Test$Anonymous1,anonymous,6,6,0,6,6,1,0,5,15,0.0,0.0,0.0,6,0,6,0,0,0,6,0,0,0,0,0,0,0,0,0,0,0,1,20,1,0,0,0,0,0,10,3,0,1,0,0,0,0,26,-1,0
C:\Projetos\LabExperimentacao\medicao-lab2\repos\Java-WebSocket\src\test\java\org\java_websocket\misc\AllMiscTests.java,org.java_websocket.misc.AllMiscTests,class,4,5,1,4,0,1,0,0,0,0.0,-1.0,-1.0,0,0,0,0,0,0,0,0,0,0,0,0,0,0,0,0,0,0,0,2,0,0,0,0,0,0,0,0,0,0,0,0,0,0,3,1,0
C:\Projetos\LabExperimentacao\medicao-lab2\repos\Java-WebSocket\src\test\java\org\java_websocket\util\Base64Test.java,org.java_websocket.util.Base64Test,class,6,8,2,6,9,1,0,11,16,0.44444445,0.0,0.0,9,0,8,1,0,0,8,0,0,0,1,0,1,0,0,0,1,0,19,49,0,0,0,0,0,9,363,3,0,3,0,0,0,0,30,1,0
C:\Projetos\LabExperimentacao\medicao-lab2\repos\Java-WebSocket\src\test\java\org\java_websocket\example\AutobahnSSLServerTest.java,org.java_websocket.example.AutobahnSSLServerTest,class,8,9,1,8,11,4,0,22,36,0.8888889,0.0,0.0,9,1,9,0,0,0,9,0,0,0,1,1,0,1,0,0,0,0,8,62,0,0,0,2,0,17,4,14,1,12,1,0,0,0,67,1,0
C:\Projetos\LabExperimentacao\medicao-lab2\repos\Java-WebSocket\src\test\java\org\java_websocket\issues\Issue834Test.java,org.java_websocket.issues.Issue834Test$Anonymous1,anonymous,2,2,0,2,5,1,0,0,10,0.0,0.0,0.0,5,0,5,0,0,0,5,0,0,0,0,0,0,0,0,0,0,0,0,12,0,0,0,0,0,0,0,0,0,0,0,0,0,0,15,-1,0
C:\Projetos\LabExperimentacao\medicao-lab2\repos\Java-WebSocket\src\main\example\SSLServerLetsEncryptExample.java,SSLServerLetsEncryptExample,class,6,7,1,6,9,1,0,28,15,0.0,NaN,NaN,6,6,1,5,0,0,1,0,0,0,0,0,0,0,0,0,0,0,13,63,5,0,1,2,0,15,4,22,2,19,1,0,0,0,92,1,0
C:\Projetos\LabExperimentacao\medicao-lab2\repos\Java-WebSocket\src\main\java\org\java_websocket\enums\Role.java,org.java_websocket.enums.Role,enum,0,2,2,0,0,1,0,0,0,0.0,-1.0,-1.0,0,0,0,0,0,0,0,0,0,0,0,0,0,0,0,0,0,0,0,1,0,0,0,0,0,0,0,0,0,0,0,0,0,0,16,1,0
C:\Projetos\LabExperimentacao\medicao-lab2\repos\Java-WebSocket\src\main\java\org\java_websocket\server\DefaultSSLWebSocketServerFactory.java,org.java_websocket.server.DefaultSSLWebSocketServerFactory,class,5,18,13,5,8,1,2,10,9,0.5833334,0.0,0.0,6,0,6,0,0,0,6,0,0,0,2,0,0,0,2,0,0,0,2,31,3,0,2,0,0,1,0,4,0,4,1,0,0,0,36,1,0
C:\Projetos\LabExperimentacao\medicao-lab2\repos\Java-WebSocket\src\main\java\org\java_websocket\server\CustomSSLWebSocketServerFactory.java,org.java_websocket.server.CustomSSLWebSocketServerFactory,class,2,4,2,2,5,2,0,5,0,0.0,0.0,0.0,3,0,3,0,0,0,3,0,0,0,2,0,0,2,0,0,2,0,1,23,1,0,2,0,0,0,0,3,0,3,1,0,0,0,58,1,0
C:\Projetos\LabExperimentacao\medicao-lab2\repos\Java-WebSocket\src\main\java\org\java_websocket\WebSocketServerFactory.java,org.java_websocket.WebSocketServerFactory,interface,4,9,5,4,4,1,0,0,6,0.0,0.0,0.0,4,0,0,0,0,4,4,0,0,0,0,0,0,0,0,0,0,0,0,6,0,0,0,0,0,0,0,0,0,0,0,0,0,0,58,1,0
C:\Projetos\LabExperimentacao\medicao-lab2\repos\Java-WebSocket\src\test\java\org\java_websocket\issues\Issue765Test.java,org.java_websocket.issues.Issue765Test$MyWebSocketServer,innerclass,3,3,0,3,5,4,0,0,10,0.0,0.0,0.0,5,0,5,0,0,0,5,0,0,0,0,0,0,0,0,0,0,0,0,12,0,0,0,0,0,0,0,0,0,0,0,0,0,0,17,10,0
C:\Projetos\LabExperimentacao\medicao-lab2\repos\Java-WebSocket\src\main\example\PerMessageDeflateExample.java,PerMessageDeflateExample$DeflateClient,innerclass,2,2,0,2,5,4,0,0,10,0.0,0.0,0.0,5,0,5,0,0,0,5,0,0,0,0,0,0,0,0,0,0,0,0,13,0,0,0,0,0,1,0,0,1,0,0,0,0,0,23,10,0
C:\Projetos\LabExperimentacao\medicao-lab2\repos\Java-WebSocket\src\test\java\org\java_websocket\issues\Issue900Test.java,org.java_websocket.issues.Issue900Test$Anonymous1,anonymous,1,1,0,1,4,1,0,0,6,0.0,0.0,0.0,4,0,4,0,0,0,4,0,0,0,0,0,0,0,0,0,0,0,0,10,0,0,0,0,0,0,0,0,0,0,0,0,0,0,12,-1,0
C:\Projetos\LabExperimentacao\medicao-lab2\repos\Java-WebSocket\src\main\example\SecWebSocketProtocolServerExample.java,SecWebSocketProtocolServerExample,class,5,5,0,5,1,1,0,4,0,0.0,NaN,NaN,1,1,1,0,0,0,1,0,0,0,0,0,0,0,0,0,0,0,3,11,0,0,0,0,0,3,1,4,0,4,0,0,0,0,36,1,0
C:\Projetos\LabExperimentacao\medicao-lab2\repos\Java-WebSocket\src\main\java\org\java_websocket\drafts\Draft_6455.java,org.java_websocket.drafts.Draft_6455$TranslatedPayloadMetaData,innerclass,0,0,0,0,3,1,0,0,0,0.33333334,NaN,NaN,3,0,0,2,0,1,1,0,0,0,2,0,0,2,0,0,0,0,0,14,2,0,0,0,0,0,0,2,0,2,0,0,0,0,12,2,0
C:\Projetos\LabExperimentacao\medicao-lab2\repos\Java-WebSocket\src\test\java\org\java_websocket\issues\Issue900Test.java,org.java_websocket.issues.Issue900Test$Anonymous2,anonymous,2,2,0,2,5,1,0,1,10,0.0,0.0,0.0,5,0,5,0,0,0,5,0,0,0,0,0,0,0,0,0,0,0,0,14,0,0,0,0,0,0,0,0,0,0,0,0,0,0,15,-1,0
C:\Projetos\LabExperimentacao\medicao-lab2\repos\Java-WebSocket\src\test\java\org\java_websocket\util\SSLContextUtil.java,org.java_websocket.util.SSLContextUtil,class,0,5,5,0,2,1,0,13,1,0.0,0.0,0.0,2,2,2,0,0,0,2,0,0,0,0,0,0,0,0,0,0,0,10,36,2,0,0,0,0,24,0,20,0,18,0,0,0,0,33,1,0
C:\Projetos\LabExperimentacao\medicao-lab2\repos\Java-WebSocket\src\main\java\org\java_websocket\AbstractWrappedByteChannel.java,org.java_websocket.AbstractWrappedByteChannel,class,1,1,0,1,15,1,0,10,0,0.0,0.0,0.0,11,0,11,0,0,0,11,0,0,0,1,0,0,1,0,0,1,0,0,44,9,0,0,0,6,0,1,2,0,1,1,0,0,0,24,1,0
C:\Projetos\LabExperimentacao\medicao-lab2\repos\Java-WebSocket\src\test\java\org\java_websocket\issues\Issue811Test.java,org.java_websocket.issues.Issue811Test$MyWebSocketServer,innerclass,3,3,0,3,6,4,0,0,15,0.0,0.0,0.0,6,0,6,0,0,0,6,0,0,0,0,0,0,0,0,0,0,0,0,15,0,0,0,0,0,0,0,0,0,0,0,0,0,0,20,10,0
C:\Projetos\LabExperimentacao\medicao-lab2\repos\Java-WebSocket\src\main\java\org\java_websocket\server\SSLParametersWebSocketServerFactory.java,org.java_websocket.server.SSLParametersWebSocketServerFactory,class,2,4,2,2,4,2,0,4,0,0.0,0.0,0.0,3,0,3,0,0,0,3,0,0,0,1,0,0,1,0,0,1,0,1,19,1,0,1,0,0,0,0,2,0,2,1,0,0,0,45,1,0
C:\Projetos\LabExperimentacao\medicao-lab2\repos\Java-WebSocket\src\main\java\org\java_websocket\server\DefaultWebSocketServerFactory.java,org.java_websocket.server.DefaultWebSocketServerFactory,class,4,9,5,4,4,1,0,0,6,0.0,0.0,0.0,4,0,4,0,0,0,4,0,0,0,0,0,0,0,0,0,0,0,0,13,3,0,0,0,0,0,0,0,0,0,0,0,0,0,17,1,0
C:\Projetos\LabExperimentacao\medicao-lab2\repos\Java-WebSocket\src\test\java\org\java_websocket\client\HeadersTest.java,org.java_websocket.client.HeadersTest,class,2,3,1,2,3,1,0,9,3,0.0,0.0,0.0,3,0,3,0,0,0,3,0,0,0,0,0,0,0,0,0,0,0,0,55,0,0,0,0,0,21,0,6,1,6,0,3,0,0,23,1,0
C:\Projetos\LabExperimentacao\medicao-lab2\repos\Java-WebSocket\src\test\java\org\java_websocket\issues\Issue609Test.java,org.java_websocket.issues.Issue609Test$Anonymous2,anonymous,2,2,0,2,5,1,0,2,10,0.0,0.0,0.0,5,0,5,0,0,0,5,0,0,0,0,0,0,0,0,0,0,0,0,14,0,0,0,0,0,0,0,1,0,0,0,0,0,0,17,-1,0
C:\Projetos\LabExperimentacao\medicao-lab2\repos\Java-WebSocket\src\test\java\org\java_websocket\issues\Issue609Test.java,org.java_websocket.issues.Issue609Test$Anonymous1,anonymous,2,2,0,2,4,1,0,2,6,0.0,0.0,0.0,4,0,4,0,0,0,4,0,0,0,0,0,0,0,0,0,0,0,0,12,0,0,0,0,0,0,0,1,0,0,0,0,0,0,15,-1,0
C:\Projetos\LabExperimentacao\medicao-lab2\repos\Java-WebSocket\src\main\java\org\java_websocket\WebSocketAdapter.java,org.java_websocket.WebSocketAdapter,class,10,24,14,10,7,1,9,1,15,0.8333333,0.0,0.0,6,0,6,0,0,0,6,0,0,0,1,0,0,1,0,0,0,0,0,21,2,0,1,0,0,0,0,1,0,1,1,0,0,0,77,1025,0
C:\Projetos\LabExperimentacao\medicao-lab2\repos\Java-WebSocket\src\test\java\org\java_websocket\issues\Issue621Test.java,org.java_websocket.issues.Issue621Test$TestPrintStream,innerclass,0,0,0,0,2,4,0,1,1,0.0,0.0,0.0,2,0,2,0,0,0,2,0,0,0,0,0,0,0,0,0,0,0,0,9,0,0,0,0,0,0,0,1,0,0,0,0,0,0,11,0,0
C:\Projetos\LabExperimentacao\medicao-lab2\repos\Java-WebSocket\src\main\example\SSLServerCustomWebsocketFactoryExample.java,SSLServerCustomWebsocketFactoryExample,class,3,3,0,3,1,1,0,21,0,0.0,NaN,NaN,1,1,1,0,0,0,1,0,0,0,0,0,0,0,0,0,0,0,7,26,0,0,0,0,0,14,1,14,0,14,0,0,0,0,50,1,0
C:\Projetos\LabExperimentacao\medicao-lab2\repos\Java-WebSocket\src\main\java\org\java_websocket\extensions\CompressionExtension.java,org.java_websocket.extensions.CompressionExtension,class,5,8,3,5,8,2,3,3,0,0.0,NaN,NaN,1,0,1,0,0,0,1,0,0,0,0,0,0,0,0,0,0,0,0,10,0,0,0,0,4,6,0,0,2,0,1,0,0,0,21,1025,0
C:\Projetos\LabExperimentacao\medicao-lab2\repos\Java-WebSocket\src\main\java\org\java_websocket\util\ByteBufferUtils.java,org.java_websocket.util.ByteBufferUtils,class,0,4,4,0,6,1,0,5,3,0.0,0.0,0.0,3,2,2,1,0,0,2,0,0,0,0,0,0,0,0,0,0,0,2,24,3,0,2,0,0,0,1,3,0,3,1,0,0,0,36,1,0
C:\Projetos\LabExperimentacao\medicao-lab2\repos\Java-WebSocket\src\main\example\SSLClientExample.java,SSLClientExample,class,2,2,0,2,4,1,0,21,0,0.0,NaN,NaN,1,1,1,0,0,0,1,0,0,0,0,0,0,0,0,0,0,0,5,35,0,1,0,0,0,15,0,14,0,13,2,0,0,0,44,1,0
C:\Projetos\LabExperimentacao\medicao-lab2\repos\Java-WebSocket\src\test\java\org\java_websocket\server\WebSocketServerTest.java,org.java_websocket.server.WebSocketServerTest$MyWebSocketServer,innerclass,4,4,0,4,9,4,0,2,26,0.75,0.0,0.0,8,0,8,0,0,0,8,0,0,0,1,0,0,1,0,0,0,0,0,27,0,0,1,0,0,0,0,2,0,1,1,0,0,0,26,10,0
C:\Projetos\LabExperimentacao\medicao-lab2\repos\Java-WebSocket\src\main\example\ProxyClientExample.java,ProxyClientExample,class,2,2,0,2,1,1,0,2,0,0.0,NaN,NaN,1,1,1,0,0,0,1,0,0,0,0,0,0,0,0,0,0,0,0,7,0,0,0,0,0,2,1,1,0,1,0,0,0,0,14,1,0
C:\Projetos\LabExperimentacao\medicao-lab2\repos\Java-WebSocket\src\test\java\org\java_websocket\issues\Issue997Test.java,org.java_websocket.issues.Issue997Test$SSLWebSocketServer,innerclass,3,3,0,3,6,4,0,2,13,0.6666667,0.0,0.0,6,0,6,0,0,0,6,0,0,0,1,0,0,1,0,0,1,0,0,19,0,0,0,0,0,0,0,1,0,1,0,0,0,0,25,10,0
C:\Projetos\LabExperimentacao\medicao-lab2\repos\Java-WebSocket\src\main\java\org\java_websocket\server\WebSocketServer.java,org.java_websocket.server.WebSocketServer$WebSocketWorker,innerclass,3,3,0,3,10,2,0,16,0,0.25,0.0,0.0,4,0,3,1,0,0,3,0,0,0,1,0,0,1,0,0,0,0,1,56,0,1,2,2,1,4,0,7,1,5,2,1,0,0,60,1,3
C:\Projetos\LabExperimentacao\medicao-lab2\repos\Java-WebSocket\src\main\java\org\java_websocket\extensions\DefaultExtension.java,org.java_websocket.extensions.DefaultExtension,class,4,10,6,4,18,1,3,6,66,0.0,0.0,0.0,12,0,12,0,0,0,12,0,0,0,0,0,0,0,0,0,0,0,0,37,8,0,3,0,0,5,0,0,1,0,1,0,0,0,51,1,0
C:\Projetos\LabExperimentacao\medicao-lab2\repos\Java-WebSocket\src\test\java\org\java_websocket\extensions\CompressionExtensionTest.java,org.java_websocket.extensions.CompressionExtensionTest$CustomCompressionExtension,innerclass,1,1,0,1,0,3,0,0,0,0.0,-1.0,-1.0,0,0,0,0,0,0,0,0,0,0,0,0,0,0,0,0,0,0,0,2,0,0,0,0,0,0,0,0,0,0,0,0,0,0,3,10,0
C:\Projetos\LabExperimentacao\medicao-lab2\repos\Java-WebSocket\src\test\java\org\java_websocket\issues\Issue825Test.java,org.java_websocket.issues.Issue825Test$MyWebSocketServer,innerclass,3,3,0,3,6,4,0,2,11,0.6666667,0.0,0.0,6,0,6,0,0,0,6,0,0,0,2,0,0,2,0,0,2,0,0,22,0,0,0,0,0,0,0,2,0,2,0,0,0,0,25,10,0
C:\Projetos\LabExperimentacao\medicao-lab2\repos\Java-WebSocket\src\main\java\org\java_websocket\drafts\Draft_6455.java,org.java_websocket.drafts.Draft_6455,class,34,54,20,34,201,2,0,156,986,0.91880333,0.0,0.0,52,0,26,26,0,0,26,0,0,0,18,6,0,18,0,0,9,0,24,756,59,17,72,9,30,66,101,133,24,92,4,0,1,0,366,1,24
C:\Projetos\LabExperimentacao\medicao-lab2\repos\Java-WebSocket\src\main\java\org\java_websocket\exceptions\InvalidFrameException.java,org.java_websocket.exceptions.InvalidFrameException,class,1,8,7,1,4,4,0,0,6,1.0,0.0,0.0,4,0,4,0,0,0,4,0,0,0,1,1,0,1,0,0,1,0,0,15,0,0,0,0,0,0,1,1,0,1,0,0,0,0,39,1,0
C:\Projetos\LabExperimentacao\medicao-lab2\repos\Java-WebSocket\src\main\java\org\java_websocket\handshake\HandshakedataImpl1.java,org.java_websocket.handshake.HandshakedataImpl1,class,2,6,4,2,8,1,2,6,0,0.5,0.0,0.0,7,0,7,0,0,0,7,0,0,0,2,0,0,2,0,0,0,0,1,29,5,0,1,0,0,1,0,3,0,3,1,0,0,0,33,1,0
C:\Projetos\LabExperimentacao\medicao-lab2\repos\Java-WebSocket\src\main\java\org\java_websocket\extensions\ExtensionRequestData.java,org.java_websocket.extensions.ExtensionRequestData,class,1,3,2,1,11,1,0,7,0,0.5,0.0,0.0,4,1,3,1,0,0,3,0,0,0,3,1,1,2,0,0,1,0,0,32,3,1,0,0,2,7,8,11,1,9,3,0,0,0,24,1,0
C:\Projetos\LabExperimentacao\medicao-lab2\repos\Java-WebSocket\src\test\java\org\java_websocket\exceptions\InvalidDataExceptionTest.java,org.java_websocket.exceptions.InvalidDataExceptionTest,class,2,3,1,2,1,1,0,4,0,0.0,NaN,NaN,1,0,1,0,0,0,1,0,0,0,0,0,0,0,0,0,0,0,0,17,0,0,0,0,0,12,8,5,0,2,0,0,0,0,20,1,0
C:\Projetos\LabExperimentacao\medicao-lab2\repos\Java-WebSocket\src\main\java\org\java_websocket\exceptions\IncompleteHandshakeException.java,org.java_websocket.exceptions.IncompleteHandshakeException,class,0,3,3,0,3,4,0,0,0,0.5,0.0,0.0,3,0,3,0,0,0,3,0,0,0,2,1,0,2,0,0,2,0,0,13,1,0,0,0,0,0,2,3,0,2,0,0,0,0,36,1,0
C:\Projetos\LabExperimentacao\medicao-lab2\repos\Java-WebSocket\src\test\java\org\java_websocket\exceptions\IncompleteExceptionTest.java,org.java_websocket.exceptions.IncompleteExceptionTest,class,2,3,1,2,1,1,0,2,0,0.0,NaN,NaN,1,0,1,0,0,0,1,0,0,0,0,0,0,0,0,0,0,0,0,6,0,0,0,0,0,1,2,1,0,1,0,0,0,0,14,1,0
C:\Projetos\LabExperimentacao\medicao-lab2\repos\Java-WebSocket\src\test\java\org\java_websocket\client\AttachmentTest.java,org.java_websocket.client.AttachmentTest,class,2,3,1,2,2,1,0,5,1,0.0,0.0,0.0,2,0,2,0,0,0,2,0,0,0,0,0,0,0,0,0,0,0,0,34,0,0,0,0,0,2,0,2,0,2,0,2,0,0,20,1,0
C:\Projetos\LabExperimentacao\medicao-lab2\repos\Java-WebSocket\src\test\java\org\java_websocket\server\SSLParametersWebSocketServerFactoryTest.java,org.java_websocket.server.SSLParametersWebSocketServerFactoryTest,class,8,8,0,8,9,2,0,11,6,0.0,0.0,0.0,4,0,4,0,0,0,4,0,0,0,0,0,0,0,0,0,0,0,8,74,0,0,0,5,0,6,0,8,0,7,1,0,1,0,42,1,0
C:\Projetos\LabExperimentacao\medicao-lab2\repos\Java-WebSocket\src\test\java\org\java_websocket\drafts\AllDraftTests.java,org.java_websocket.drafts.AllDraftTests,class,4,5,1,4,0,1,0,0,0,0.0,-1.0,-1.0,0,0,0,0,0,0,0,0,0,0,0,0,0,0,0,0,0,0,0,2,0,0,0,0,0,0,0,0,0,0,0,0,0,0,3,1,0
C:\Projetos\LabExperimentacao\medicao-lab2\repos\Java-WebSocket\src\test\java\org\java_websocket\exceptions\InvalidEncodingExceptionTest.java,org.java_websocket.exceptions.InvalidEncodingExceptionTest,class,2,3,1,2,2,1,0,3,0,0.0,NaN,NaN,1,0,1,0,0,0,1,0,0,0,0,0,0,0,0,0,0,0,0,13,0,0,0,1,0,2,0,3,0,2,1,0,0,0,25,1,0
C:\Projetos\LabExperimentacao\medicao-lab2\repos\Java-WebSocket\src\test\java\org\java_websocket\exceptions\WebsocketNotConnectedExceptionTest.java,org.java_websocket.exceptions.WebsocketNotConnectedExceptionTest,class,2,3,1,2,1,1,0,1,0,0.0,NaN,NaN,1,0,1,0,0,0,1,0,0,0,0,0,0,0,0,0,0,0,0,6,0,0,0,0,0,0,0,1,0,1,0,0,0,0,13,1,0
C:\Projetos\LabExperimentacao\medicao-lab2\repos\Java-WebSocket\src\main\example\ServerStressTest.java,ServerStressTest,class,3,8,5,3,12,6,0,26,4,0.7000001,0.0,0.0,5,1,5,0,0,0,5,0,0,0,14,0,0,12,0,2,0,0,4,173,0,3,1,3,1,11,19,22,2,21,3,8,0,0,81,1,0
C:\Projetos\LabExperimentacao\medicao-lab2\repos\Java-WebSocket\src\test\java\org\java_websocket\protocols\ProtocolHandshakeRejectionTest.java,org.java_websocket.protocols.ProtocolHandshakeRejectionTest,class,11,15,4,11,38,1,0,16,591,0.96428573,0.0,0.0,35,4,32,3,0,0,32,0,0,0,4,4,0,4,0,0,1,0,37,447,2,0,1,1,0,38,65,19,3,19,1,3,0,0,104,1,0
C:\Projetos\LabExperimentacao\medicao-lab2\repos\Java-WebSocket\src\test\java\org\java_websocket\framing\PongFrameTest.java,org.java_websocket.framing.PongFrameTest,class,5,6,1,5,10,1,0,17,6,0.0,0.0,0.0,4,0,4,0,0,0,4,0,0,0,0,0,0,0,0,0,0,0,1,68,0,0,0,6,0,15,2,5,0,5,1,0,0,0,31,1,0
C:\Projetos\LabExperimentacao\medicao-lab2\repos\Java-WebSocket\src\test\java\org\java_websocket\issues\Issue890Test.java,org.java_websocket.issues.Issue890Test,class,8,8,0,8,2,4,0,12,1,0.0,0.0,0.0,2,0,2,0,0,0,2,0,0,0,0,0,0,0,0,0,0,0,3,82,0,0,0,0,0,2,4,11,2,11,0,2,2,0,36,1,0
C:\Projetos\LabExperimentacao\medicao-lab2\repos\Java-WebSocket\src\test\java\org\java_websocket\server\CustomSSLWebSocketServerFactoryTest.java,org.java_websocket.server.CustomSSLWebSocketServerFactoryTest,class,8,8,0,8,14,2,0,11,6,0.75,0.0,0.0,4,0,4,0,0,0,4,0,0,0,1,0,0,0,0,1,1,0,16,107,0,0,0,10,0,13,1,12,0,9,1,0,1,0,43,1,0
C:\Projetos\LabExperimentacao\medicao-lab2\repos\Java-WebSocket\src\main\java\org\java_websocket\exceptions\WebsocketNotConnectedException.java,org.java_websocket.exceptions.WebsocketNotConnectedException,class,0,2,2,0,0,4,0,0,0,NaN,-1.0,-1.0,0,0,0,0,0,0,0,0,0,0,1,1,0,1,0,0,1,0,0,3,0,0,0,0,0,0,1,1,0,1,0,0,0,0,22,1,0
C:\Projetos\LabExperimentacao\medicao-lab2\repos\Java-WebSocket\src\test\java\org\java_websocket\server\DefaultWebSocketServerFactoryTest.java,org.java_websocket.server.DefaultWebSocketServerFactoryTest$CustomWebSocketAdapter,innerclass,3,3,0,3,10,2,0,0,45,0.0,0.0,0.0,10,0,10,0,0,0,10,0,0,0,0,0,0,0,0,0,0,0,0,24,2,0,0,0,0,0,0,0,0,0,0,0,0,0,31,10,0
C:\Projetos\LabExperimentacao\medicao-lab2\repos\Java-WebSocket\src\test\java\org\java_websocket\extensions\DefaultExtensionTest.java,org.java_websocket.extensions.DefaultExtensionTest,class,6,7,1,6,15,1,0,22,55,0.0,0.0,0.0,11,0,11,0,0,0,11,0,0,0,0,0,0,0,0,0,0,0,4,94,0,0,0,4,0,21,0,17,0,17,1,0,0,0,44,1,0
C:\Projetos\LabExperimentacao\medicao-lab2\repos\Java-WebSocket\src\main\java\org\java_websocket\handshake\ServerHandshake.java,org.java_websocket.handshake.ServerHandshake,interface,1,47,46,1,2,1,0,0,1,0.0,0.0,0.0,2,0,0,0,0,2,2,0,0,0,0,0,0,0,0,0,0,0,0,4,0,0,0,0,0,0,0,0,0,0,0,0,0,0,16,1,0
C:\Projetos\LabExperimentacao\medicao-lab2\repos\Java-WebSocket\src\test\java\org\java_websocket\util\ThreadCheck.java,org.java_websocket.util.ThreadCheck,class,2,8,6,2,15,2,0,17,4,0.4,0.0,0.0,5,2,1,2,2,0,3,0,0,0,1,0,0,1,0,0,0,0,8,50,3,4,1,0,0,4,9,13,3,12,3,0,0,0,42,1,0
C:\Projetos\LabExperimentacao\medicao-lab2\repos\Java-WebSocket\src\test\java\org\java_websocket\server\DefaultSSLWebSocketServerFactoryTest.java,org.java_websocket.server.DefaultSSLWebSocketServerFactoryTest$CustomWebSocketAdapter,innerclass,3,3,0,3,10,2,0,0,45,0.0,0.0,0.0,10,0,10,0,0,0,10,0,0,0,0,0,0,0,0,0,0,0,0,24,2,0,0,0,0,0,0,0,0,0,0,0,0,0,31,10,0
C:\Projetos\LabExperimentacao\medicao-lab2\repos\Java-WebSocket\src\main\java\org\java_websocket\enums\HandshakeState.java,org.java_websocket.enums.HandshakeState,enum,0,3,3,0,0,1,0,0,0,0.0,-1.0,-1.0,0,0,0,0,0,0,0,0,0,0,0,0,0,0,0,0,0,0,0,3,0,0,0,0,0,0,0,0,0,0,0,0,0,0,30,1,0
C:\Projetos\LabExperimentacao\medicao-lab2\repos\Java-WebSocket\src\main\java\org\java_websocket\framing\ContinuousFrame.java,org.java_websocket.framing.ContinuousFrame,class,1,7,6,1,1,3,0,0,0,0.0,NaN,NaN,1,0,1,0,0,0,1,0,0,0,0,0,0,0,0,0,0,0,0,5,0,0,0,0,0,0,0,0,0,0,0,0,0,0,15,1,0
C:\Projetos\LabExperimentacao\medicao-lab2\repos\Java-WebSocket\src\main\java\org\java_websocket\util\Base64.java,org.java_websocket.util.Base64$OutputStream,innerclass,3,3,0,3,23,3,0,9,0,0.55,0.0,0.0,6,0,6,0,0,0,6,0,0,0,10,0,0,10,0,0,0,0,4,85,2,1,3,0,2,2,19,21,1,12,3,0,0,0,123,9,0
C:\Projetos\LabExperimentacao\medicao-lab2\repos\Java-WebSocket\src\test\java\org\java_websocket\extensions\AllExtensionTests.java,org.java_websocket.extensions.AllExtensionTests,class,5,5,0,5,0,1,0,0,0,0.0,-1.0,-1.0,0,0,0,0,0,0,0,0,0,0,0,0,0,0,0,0,0,0,0,2,0,0,0,0,0,0,0,0,0,0,0,0,0,0,3,1,0
C:\Projetos\LabExperimentacao\medicao-lab2\repos\Java-WebSocket\src\test\java\org\java_websocket\issues\Issue666Test.java,org.java_websocket.issues.Issue666Test,class,5,6,1,5,12,1,0,13,0,0.0,0.0,0.0,2,0,2,0,0,0,2,0,0,0,1,0,0,1,0,0,0,0,6,78,0,4,0,0,0,9,1,12,3,12,2,3,0,0,30,1,0
C:\Projetos\LabExperimentacao\medicao-lab2\repos\Java-WebSocket\src\test\java\org\java_websocket\issues\Issue713Test.java,org.java_websocket.issues.Issue713Test$Anonymous1,anonymous,2,2,0,2,5,1,0,0,10,0.0,0.0,0.0,5,0,5,0,0,0,5,0,0,0,0,0,0,0,0,0,0,0,0,12,0,0,0,0,0,0,0,0,0,0,0,0,0,0,15,-1,0
C:\Projetos\LabExperimentacao\medicao-lab2\repos\Java-WebSocket\src\test\java\org\java_websocket\issues\Issue713Test.java,org.java_websocket.issues.Issue713Test$Anonymous2,anonymous,4,4,0,4,7,1,0,2,10,0.0,0.0,0.0,5,0,5,0,0,0,5,0,0,0,0,0,0,0,0,0,0,0,0,21,0,1,0,1,0,1,2,2,0,2,2,0,0,0,23,-1,0
C:\Projetos\LabExperimentacao\medicao-lab2\repos\Java-WebSocket\src\test\java\org\java_websocket\server\AllServerTests.java,org.java_websocket.server.AllServerTests,class,5,5,0,5,0,1,0,0,0,0.0,-1.0,-1.0,0,0,0,0,0,0,0,0,0,0,0,0,0,0,0,0,0,0,0,2,0,0,0,0,0,0,0,0,0,0,0,0,0,0,3,1,0
C:\Projetos\LabExperimentacao\medicao-lab2\repos\Java-WebSocket\src\test\java\org\java_websocket\misc\OpeningHandshakeRejectionTest.java,org.java_websocket.misc.OpeningHandshakeRejectionTest$Anonymous1,anonymous,1,1,0,1,16,1,0,11,0,0.0,NaN,NaN,1,0,1,0,0,0,1,0,0,0,0,0,0,0,0,0,0,0,12,71,0,1,0,2,0,26,1,7,12,5,4,0,0,0,32,-1,0
C:\Projetos\LabExperimentacao\medicao-lab2\repos\Java-WebSocket\src\test\java\org\java_websocket\misc\OpeningHandshakeRejectionTest.java,org.java_websocket.misc.OpeningHandshakeRejectionTest$Anonymous2,anonymous,1,1,0,1,12,1,0,4,6,0.0,0.0,0.0,4,0,4,0,0,0,4,0,0,0,0,0,0,0,0,0,0,0,0,40,0,0,3,0,0,11,4,2,2,0,3,0,0,0,35,-1,0
C:\Projetos\LabExperimentacao\medicao-lab2\repos\Java-WebSocket\src\test\java\org\java_websocket\issues\Issue941Test.java,org.java_websocket.issues.Issue941Test,class,6,6,0,6,1,1,0,6,0,0.0,NaN,NaN,1,0,1,0,0,0,1,0,0,0,3,0,0,3,0,0,0,0,1,54,0,0,0,0,0,1,3,5,1,8,0,2,0,0,26,1,0
C:\Projetos\LabExperimentacao\medicao-lab2\repos\Java-WebSocket\src\test\java\org\java_websocket\issues\Issue1160Test.java,org.java_websocket.issues.Issue1160Test$Anonymous1,anonymous,2,2,0,2,6,1,0,2,15,0.0,0.0,0.0,6,0,6,0,0,0,6,0,0,0,0,0,0,0,0,0,0,0,0,18,0,0,0,0,0,2,0,0,0,0,0,0,0,0,17,-1,0
C:\Projetos\LabExperimentacao\medicao-lab2\repos\Java-WebSocket\src\test\java\org\java_websocket\issues\Issue732Test.java,org.java_websocket.issues.Issue732Test$Anonymous2,anonymous,3,3,0,3,5,1,0,5,10,0.0,0.0,0.0,5,0,5,0,0,0,5,0,0,0,0,0,0,0,0,0,0,0,0,17,0,0,0,0,0,2,0,0,0,0,0,0,0,0,19,-1,0
C:\Projetos\LabExperimentacao\medicao-lab2\repos\Java-WebSocket\src\test\java\org\java_websocket\issues\Issue1160Test.java,org.java_websocket.issues.Issue1160Test$Anonymous2,anonymous,2,2,0,2,6,1,0,1,15,0.0,0.0,0.0,6,0,6,0,0,0,6,0,0,0,0,0,0,0,0,0,0,0,0,18,0,0,0,0,0,2,0,0,0,0,0,0,0,0,20,-1,0
C:\Projetos\LabExperimentacao\medicao-lab2\repos\Java-WebSocket\src\test\java\org\java_websocket\exceptions\InvalidHandshakeExceptionTest.java,org.java_websocket.exceptions.InvalidHandshakeExceptionTest,class,3,4,1,3,2,1,0,4,1,0.0,0.0,0.0,2,0,2,0,0,0,2,0,0,0,0,0,0,0,0,0,0,0,0,21,0,0,0,0,0,13,0,6,0,3,0,0,0,0,24,1,0
C:\Projetos\LabExperimentacao\medicao-lab2\repos\Java-WebSocket\src\main\java\org\java_websocket\SocketChannelIOHelper.java,org.java_websocket.SocketChannelIOHelper,class,3,4,1,3,19,1,0,17,6,0.0,0.0,0.0,4,3,3,1,0,0,3,0,0,0,0,0,0,0,0,0,0,0,0,57,7,1,10,0,1,1,4,6,0,4,3,0,0,0,55,1,0
C:\Projetos\LabExperimentacao\medicao-lab2\repos\Java-WebSocket\src\test\java\org\java_websocket\issues\Issue765Test.java,org.java_websocket.issues.Issue765Test$LocalWebSocketFactory,innerclass,4,4,0,4,4,1,0,0,6,0.0,0.0,0.0,4,0,4,0,0,0,4,0,0,0,0,0,0,0,0,0,0,0,0,14,3,0,0,0,0,0,0,1,0,0,0,0,0,0,26,2,0
C:\Projetos\LabExperimentacao\medicao-lab2\repos\Java-WebSocket\src\main\example\FragmentedFramesExample.java,FragmentedFramesExample,class,2,2,0,2,5,1,0,11,0,0.0,NaN,NaN,1,1,1,0,0,0,1,0,0,0,0,0,0,0,0,0,0,0,1,31,1,2,1,0,1,6,3,6,0,5,3,0,0,0,74,1,0
C:\Projetos\LabExperimentacao\medicao-lab2\repos\Java-WebSocket\src\test\java\org\java_websocket\issues\Issue890Test.java,org.java_websocket.issues.Issue890Test$Anonymous2,anonymous,1,1,0,1,4,1,0,1,6,0.0,0.0,0.0,4,0,4,0,0,0,4,0,0,0,0,0,0,0,0,0,0,0,0,11,0,0,0,0,0,0,0,0,0,0,0,0,0,0,12,-1,0
C:\Projetos\LabExperimentacao\medicao-lab2\repos\Java-WebSocket\src\test\java\org\java_websocket\issues\Issue732Test.java,org.java_websocket.issues.Issue732Test$Anonymous1,anonymous,2,2,0,2,8,1,0,3,6,0.0,0.0,0.0,4,0,4,0,0,0,4,0,0,0,0,0,0,0,0,0,0,0,0,35,0,0,0,4,0,5,0,0,0,0,1,0,0,0,18,-1,0
C:\Projetos\LabExperimentacao\medicao-lab2\repos\Java-WebSocket\src\test\java\org\java_websocket\issues\Issue890Test.java,org.java_websocket.issues.Issue890Test$Anonymous1,anonymous,1,1,0,1,4,1,0,1,6,0.0,0.0,0.0,4,0,4,0,0,0,4,0,0,0,0,0,0,0,0,0,0,0,0,11,0,0,0,0,0,0,0,0,0,0,0,0,0,0,12,-1,0
C:\Projetos\LabExperimentacao\medicao-lab2\repos\Java-WebSocket\src\test\java\org\java_websocket\example\AutobahnServerTest.java,org.java_websocket.example.AutobahnServerTest,class,8,9,1,8,12,4,0,10,30,0.8148148,0.0,0.0,9,1,9,0,0,0,9,0,0,0,3,2,0,3,0,0,0,0,5,58,0,0,0,2,0,6,8,10,1,7,1,0,0,0,46,1,0
C:\Projetos\LabExperimentacao\medicao-lab2\repos\Java-WebSocket\src\test\java\org\java_websocket\issues\Issue962Test.java,org.java_websocket.issues.Issue962Test$TestSocketFactory,innerclass,0,0,0,0,6,2,0,5,3,0.4166667,0.0,0.0,6,0,6,0,0,0,6,0,0,0,2,0,0,2,0,0,2,0,1,28,3,0,0,0,0,0,3,5,0,5,0,0,0,0,17,10,0
C:\Projetos\LabExperimentacao\medicao-lab2\repos\Java-WebSocket\src\main\java\org\java_websocket\protocols\Protocol.java,org.java_websocket.protocols.Protocol,class,2,10,8,2,14,1,0,8,1,0.6666667,0.0,0.0,7,0,7,0,0,0,7,0,0,0,3,2,0,3,0,0,3,0,2,46,10,1,4,0,0,4,0,6,0,6,2,0,0,0,44,1,0
C:\Projetos\LabExperimentacao\medicao-lab2\repos\Java-WebSocket\src\main\example\TwoWaySSLServerExample.java,TwoWaySSLServerExample,class,3,3,0,3,1,1,0,16,0,0.0,NaN,NaN,1,1,1,0,0,0,1,0,0,0,0,0,0,0,0,0,0,0,5,22,0,0,0,0,0,12,1,11,0,11,0,0,0,0,57,1,0
C:\Projetos\LabExperimentacao\medicao-lab2\repos\Java-WebSocket\src\test\java\org\java_websocket\framing\TextFrameTest.java,org.java_websocket.framing.TextFrameTest,class,5,6,1,5,6,1,0,13,3,0.0,0.0,0.0,3,0,3,0,0,0,3,0,0,0,0,0,0,0,0,0,0,0,1,39,0,0,0,3,0,11,12,4,0,3,1,0,0,0,25,1,0
C:\Projetos\LabExperimentacao\medicao-lab2\repos\Java-WebSocket\src\test\java\org\java_websocket\issues\Issue661Test.java,org.java_websocket.issues.Issue661Test$Anonymous1,anonymous,2,2,0,2,5,1,0,2,10,0.0,0.0,0.0,5,0,5,0,0,0,5,0,0,0,0,0,0,0,0,0,0,0,0,17,0,0,0,0,0,4,0,0,0,0,0,0,0,0,19,-1,0
C:\Projetos\LabExperimentacao\medicao-lab2\repos\Java-WebSocket\src\test\java\org\java_websocket\issues\Issue962Test.java,org.java_websocket.issues.Issue962Test,class,5,6,1,5,1,2,0,12,0,0.0,NaN,NaN,1,0,1,0,0,0,1,0,0,0,0,0,0,0,0,0,0,0,1,65,0,0,0,0,0,2,2,4,1,4,0,2,1,0,21,1,0
C:\Projetos\LabExperimentacao\medicao-lab2\repos\Java-WebSocket\src\test\java\org\java_websocket\issues\Issue661Test.java,org.java_websocket.issues.Issue661Test$Anonymous2,anonymous,2,2,0,2,6,1,0,1,10,0.0,0.0,0.0,5,0,5,0,0,0,5,0,0,0,0,0,0,0,0,0,0,0,0,22,0,0,0,0,0,4,0,2,0,0,1,0,0,0,22,-1,0
C:\Projetos\LabExperimentacao\medicao-lab2\repos\Java-WebSocket\src\main\example\SecWebSocketProtocolClientExample.java,SecWebSocketProtocolClientExample,class,5,5,0,5,1,1,0,4,0,0.0,NaN,NaN,1,1,1,0,0,0,1,0,0,0,0,0,0,0,0,0,0,0,3,11,0,0,0,0,0,4,0,4,0,4,0,0,0,0,35,1,0
C:\Projetos\LabExperimentacao\medicao-lab2\repos\Java-WebSocket\src\test\java\org\java_websocket\issues\Issue661Test.java,org.java_websocket.issues.Issue661Test,class,5,6,1,5,2,1,0,7,0,0.25,NaN,NaN,1,0,1,0,0,0,1,0,0,0,4,0,1,3,0,0,0,0,3,63,0,0,0,1,0,2,4,7,0,7,1,2,0,0,35,1,0
C:\Projetos\LabExperimentacao\medicao-lab2\repos\Java-WebSocket\src\test\java\org\java_websocket\issues\Issue811Test.java,org.java_websocket.issues.Issue811Test$Anonymous1,anonymous,1,1,0,1,2,1,0,2,0,0.0,NaN,NaN,1,0,1,0,0,0,1,0,0,0,0,0,0,0,0,0,0,0,0,7,0,1,1,0,0,0,1,0,0,0,1,0,0,0,1,-1,0
C:\Projetos\LabExperimentacao\medicao-lab2\repos\Java-WebSocket\src\test\java\org\java_websocket\issues\Issue834Test.java,org.java_websocket.issues.Issue834Test,class,3,4,1,3,1,1,0,4,0,0.0,NaN,NaN,1,0,1,0,0,0,1,0,0,0,0,0,0,0,0,0,0,0,3,20,0,0,0,0,0,0,1,2,0,2,0,1,0,0,18,1,0
C:\Projetos\LabExperimentacao\medicao-lab2\repos\Java-WebSocket\src\test\java\org\java_websocket\issues\Issue677Test.java,org.java_websocket.issues.Issue677Test$Anonymous3,anonymous,2,2,0,2,5,1,0,1,10,0.0,0.0,0.0,5,0,5,0,0,0,5,0,0,0,0,0,0,0,0,0,0,0,0,13,0,0,0,0,0,0,0,0,0,0,0,0,0,0,15,-1,0
C:\Projetos\LabExperimentacao\medicao-lab2\repos\Java-WebSocket\src\test\java\org\java_websocket\issues\Issue677Test.java,org.java_websocket.issues.Issue677Test$Anonymous2,anonymous,1,1,0,1,4,1,0,0,6,0.0,0.0,0.0,4,0,4,0,0,0,4,0,0,0,0,0,0,0,0,0,0,0,0,10,0,0,0,0,0,0,0,0,0,0,0,0,0,0,12,-1,0
C:\Projetos\LabExperimentacao\medicao-lab2\repos\Java-WebSocket\src\test\java\org\java_websocket\issues\Issue997Test.java,org.java_websocket.issues.Issue997Test,class,9,10,1,9,8,7,0,11,21,0.0,0.0,0.0,7,0,7,0,0,0,7,0,0,0,0,0,0,0,0,0,0,0,18,91,1,0,1,0,0,10,8,9,0,9,1,0,2,0,38,1,0
C:\Projetos\LabExperimentacao\medicao-lab2\repos\Java-WebSocket\src\main\example\ExampleClient.java,ExampleClient,class,4,11,7,4,9,4,0,4,28,0.0,0.0,0.0,8,1,8,0,0,0,8,0,0,0,0,0,0,0,0,0,0,0,0,28,0,0,0,0,1,9,0,1,2,1,0,0,0,0,51,1,0
C:\Projetos\LabExperimentacao\medicao-lab2\repos\Java-WebSocket\src\test\java\org\java_websocket\issues\Issue900Test.java,org.java_websocket.issues.Issue900Test$ExceptionThrowingByteChannel,innerclass,1,1,0,1,9,1,0,0,36,0.0,0.0,0.0,9,0,9,0,0,0,9,0,0,0,0,0,0,0,0,0,0,0,0,29,4,0,0,0,0,0,0,0,0,0,0,0,0,0,22,0,0
C:\Projetos\LabExperimentacao\medicao-lab2\repos\Java-WebSocket\src\main\example\ServerAdditionalHeaderExample.java,ServerAdditionalHeaderExample,class,8,9,1,8,6,5,0,10,3,0.0,0.0,0.0,3,1,3,0,0,0,3,0,0,0,0,0,0,0,0,0,0,0,1,30,1,1,0,1,0,4,3,6,1,5,2,0,0,0,62,1,0
C:\Projetos\LabExperimentacao\medicao-lab2\repos\Java-WebSocket\src\test\java\org\java_websocket\client\AllClientTests.java,org.java_websocket.client.AllClientTests,class,6,7,1,6,0,1,0,0,0,0.0,-1.0,-1.0,0,0,0,0,0,0,0,0,0,0,0,0,0,0,0,0,0,0,0,2,0,0,0,0,0,0,0,0,0,0,0,0,0,0,3,1,0
C:\Projetos\LabExperimentacao\medicao-lab2\repos\Java-WebSocket\src\main\java\org\java_websocket\util\Base64.java,org.java_websocket.util.Base64,class,3,9,6,3,54,3,0,13,30,0.86274517,0.0,0.0,9,8,3,6,0,0,3,0,2,0,17,17,6,11,0,0,17,0,11,297,20,1,15,6,50,9,884,65,65,36,4,0,1,0,591,1,0
C:\Projetos\LabExperimentacao\medicao-lab2\repos\Java-WebSocket\src\test\java\org\java_websocket\protocols\ProtocolTest.java,org.java_websocket.protocols.ProtocolTest,class,3,4,1,3,8,1,0,9,21,0.0,0.0,0.0,7,0,7,0,0,0,7,0,0,0,0,0,0,0,0,0,0,0,0,64,0,0,0,1,0,31,0,18,0,18,1,0,0,0,31,1,0
C:\Projetos\LabExperimentacao\medicao-lab2\repos\Java-WebSocket\src\main\example\ReconnectClientExample.java,ReconnectClientExample,class,2,2,0,2,1,1,0,6,0,0.0,NaN,NaN,1,1,1,0,0,0,1,0,0,0,0,0,0,0,0,0,0,0,4,18,0,0,0,0,0,4,4,1,0,1,0,0,0,0,18,1,0
C:\Projetos\LabExperimentacao\medicao-lab2\repos\Java-WebSocket\src\main\java\org\java_websocket\exceptions\WrappedIOException.java,org.java_websocket.exceptions.WrappedIOException,class,1,2,1,1,3,3,0,0,0,0.33333334,0.0,0.0,3,0,3,0,0,0,3,0,0,0,2,0,0,2,0,0,2,0,0,14,2,0,0,0,0,0,0,2,0,2,0,0,0,0,28,1,0
C:\Projetos\LabExperimentacao\medicao-lab2\repos\Java-WebSocket\src\test\java\org\java_websocket\issues\Issue879Test.java,org.java_websocket.issues.Issue879Test$1SimpleServer,innerclass,3,3,0,3,9,4,0,3,21,0.0,0.0,0.0,7,0,7,0,0,0,7,0,0,0,0,0,0,0,0,0,0,0,0,25,0,0,0,0,0,1,2,2,1,0,1,0,0,0,27,0,0
C:\Projetos\LabExperimentacao\medicao-lab2\repos\Java-WebSocket\src\test\java\org\java_websocket\issues\Issue621Test.java,org.java_websocket.issues.Issue621Test,class,5,6,1,5,1,4,0,7,0,0.0,NaN,NaN,1,0,1,0,0,0,1,0,0,0,3,0,0,0,0,3,0,0,2,51,0,0,0,0,0,2,2,6,1,6,0,2,1,0,31,1,0
C:\Projetos\LabExperimentacao\medicao-lab2\repos\Java-WebSocket\src\main\java\org\java_websocket\framing\BinaryFrame.java,org.java_websocket.framing.BinaryFrame,class,1,9,8,1,1,3,0,0,0,0.0,NaN,NaN,1,0,1,0,0,0,1,0,0,0,0,0,0,0,0,0,0,0,0,5,0,0,0,0,0,0,0,0,0,0,0,0,0,0,15,1,0
C:\Projetos\LabExperimentacao\medicao-lab2\repos\Java-WebSocket\src\test\java\org\java_websocket\exceptions\NotSendableExceptionTest.java,org.java_websocket.exceptions.NotSendableExceptionTest,class,2,3,1,2,1,1,0,3,0,0.0,NaN,NaN,1,0,1,0,0,0,1,0,0,0,0,0,0,0,0,0,0,0,0,12,0,0,0,0,0,8,0,4,0,2,0,0,0,0,18,1,0
C:\Projetos\LabExperimentacao\medicao-lab2\repos\Java-WebSocket\src\test\java\org\java_websocket\framing\FramedataImpl1Test.java,org.java_websocket.framing.FramedataImpl1Test,class,8,9,1,8,5,1,0,23,6,0.0,0.0,0.0,4,0,4,0,0,0,4,0,0,0,0,0,0,0,0,0,0,0,14,58,0,0,0,1,0,25,3,11,0,11,1,0,0,0,48,1,0
C:\Projetos\LabExperimentacao\medicao-lab2\repos\Java-WebSocket\src\test\java\org\java_websocket\exceptions\InvalidFrameExceptionTest.java,org.java_websocket.exceptions.InvalidFrameExceptionTest,class,3,4,1,3,2,1,0,4,1,0.0,0.0,0.0,2,0,2,0,0,0,2,0,0,0,0,0,0,0,0,0,0,0,0,21,0,0,0,0,0,13,0,6,0,3,0,0,0,0,24,1,0
C:\Projetos\LabExperimentacao\medicao-lab2\repos\Java-WebSocket\src\test\java\org\java_websocket\util\CharsetfunctionsTest.java,org.java_websocket.util.CharsetfunctionsTest,class,3,3,0,3,7,1,0,12,21,0.0,0.0,0.0,7,0,7,0,0,0,7,0,0,0,0,0,0,0,0,0,0,0,16,26,0,0,0,0,0,5,31,0,0,0,0,0,0,0,20,1,0
C:\Projetos\LabExperimentacao\medicao-lab2\repos\Java-WebSocket\src\main\example\CustomHeaderClientExample.java,CustomHeaderClientExample,class,2,2,0,2,1,1,0,4,0,0.0,NaN,NaN,1,1,1,0,0,0,1,0,0,0,0,0,0,0,0,0,0,0,0,27,0,0,0,0,0,19,0,6,0,2,0,0,0,0,34,1,0
C:\Projetos\LabExperimentacao\medicao-lab2\repos\Java-WebSocket\src\main\java\org\java_websocket\enums\Opcode.java,org.java_websocket.enums.Opcode,enum,0,9,9,0,0,1,0,0,0,0.0,-1.0,-1.0,0,0,0,0,0,0,0,0,0,0,0,0,0,0,0,0,0,0,0,1,0,0,0,0,0,0,0,0,0,0,0,0,0,0,16,1,0
C:\Projetos\LabExperimentacao\medicao-lab2\repos\Java-WebSocket\src\main\example\SSLServerExample.java,SSLServerExample,class,3,3,0,3,1,1,0,15,0,0.0,NaN,NaN,1,1,1,0,0,0,1,0,0,0,0,0,0,0,0,0,0,0,5,21,0,0,0,0,0,12,1,11,0,10,0,0,0,0,37,1,0
C:\Projetos\LabExperimentacao\medicao-lab2\repos\Java-WebSocket\src\test\java\org\java_websocket\issues\Issue677Test.java,org.java_websocket.issues.Issue677Test$Anonymous1,anonymous,1,1,0,1,4,1,0,1,6,0.0,0.0,0.0,4,0,4,0,0,0,4,0,0,0,0,0,0,0,0,0,0,0,0,11,0,0,0,0,0,0,0,0,0,0,0,0,0,0,12,-1,0
C:\Projetos\LabExperimentacao\medicao-lab2\repos\Java-WebSocket\src\main\java\org\java_websocket\AbstractWebSocket.java,org.java_websocket.AbstractWebSocket,class,6,20,14,6,25,2,2,17,32,0.7395833,0.0,0.0,12,0,6,3,3,0,9,1,0,0,8,0,0,8,0,0,2,0,1,128,6,1,4,1,1,10,3,17,0,12,5,1,0,0,173,1025,8
C:\Projetos\LabExperimentacao\medicao-lab2\repos\Java-WebSocket\src\test\java\org\java_websocket\issues\Issue598Test.java,org.java_websocket.issues.Issue598Test,class,11,13,2,11,37,1,0,14,36,0.8888889,0.0,0.0,9,1,8,1,0,0,8,0,0,0,2,2,0,2,0,0,0,0,17,140,0,3,11,0,1,3,57,19,3,13,3,2,0,0,57,1,0
C:\Projetos\LabExperimentacao\medicao-lab2\repos\Java-WebSocket\src\main\example\ChatClient.java,ChatClient,class,4,5,1,4,9,6,0,26,1,0.45833328,0.0,0.0,3,1,3,0,0,0,3,0,0,0,8,1,0,8,0,0,7,0,0,117,0,0,5,1,0,11,7,15,3,14,2,2,0,0,74,1,0
C:\Projetos\LabExperimentacao\medicao-lab2\repos\Java-WebSocket\src\test\java\org\java_websocket\client\SchemaCheckTest.java,org.java_websocket.client.SchemaCheckTest$Anonymous1,anonymous,1,1,0,1,4,1,0,0,6,0.0,0.0,0.0,4,0,4,0,0,0,4,0,0,0,0,0,0,0,0,0,0,0,0,11,0,0,0,0,0,0,0,1,0,0,0,0,0,0,12,-1,0
C:\Projetos\LabExperimentacao\medicao-lab2\repos\Java-WebSocket\src\main\java\org\java_websocket\enums\CloseHandshakeType.java,org.java_websocket.enums.CloseHandshakeType,enum,0,2,2,0,0,1,0,0,0,0.0,-1.0,-1.0,0,0,0,0,0,0,0,0,0,0,0,0,0,0,0,0,0,0,0,1,0,0,0,0,0,0,0,0,0,0,0,0,0,0,19,1,0
C:\Projetos\LabExperimentacao\medicao-lab2\repos\Java-WebSocket\src\test\java\org\java_websocket\client\SchemaCheckTest.java,org.java_websocket.client.SchemaCheckTest$Anonymous2,anonymous,1,1,0,1,4,1,0,1,6,0.0,0.0,0.0,4,0,4,0,0,0,4,0,0,0,0,0,0,0,0,0,0,0,0,11,0,0,0,0,0,0,0,0,0,0,0,0,0,0,16,-1,0
C:\Projetos\LabExperimentacao\medicao-lab2\repos\Java-WebSocket\src\test\java\org\java_websocket\misc\OpeningHandshakeRejectionTest.java,org.java_websocket.misc.OpeningHandshakeRejectionTest,class,7,9,2,7,17,1,0,8,101,0.9222222,0.0,0.0,15,2,14,1,0,0,14,0,0,0,6,6,0,6,0,0,1,0,1,178,0,0,0,0,0,5,26,9,2,10,1,2,0,0,46,1,0
C:\Projetos\LabExperimentacao\medicao-lab2\repos\Java-WebSocket\src\test\java\org\java_websocket\issues\Issue1203Test.java,org.java_websocket.issues.Issue1203Test,class,5,5,0,5,1,1,0,9,0,0.0,NaN,NaN,1,0,1,0,0,0,1,0,0,0,3,0,0,2,0,1,2,0,2,57,0,0,0,0,0,1,7,8,1,8,0,3,0,0,30,1,0
C:\Projetos\LabExperimentacao\medicao-lab2\repos\Java-WebSocket\src\main\example\ChatClient.java,ChatClient$Anonymous2,anonymous,2,2,0,2,4,1,0,9,6,0.0,0.0,0.0,4,0,4,0,0,0,4,0,0,0,0,0,0,0,0,0,0,0,0,27,0,0,0,0,0,10,0,0,4,0,0,0,0,0,27,-1,0
C:\Projetos\LabExperimentacao\medicao-lab2\repos\Java-WebSocket\src\main\example\ChatClient.java,ChatClient$Anonymous1,anonymous,1,1,0,1,2,1,0,2,0,0.0,NaN,NaN,1,0,1,0,0,0,1,0,0,0,0,0,0,0,0,0,0,0,0,8,0,0,1,0,0,0,0,0,0,0,1,0,0,0,8,-1,0
C:\Projetos\LabExperimentacao\medicao-lab2\repos\Java-WebSocket\src\test\java\org\java_websocket\extensions\CompressionExtensionTest.java,org.java_websocket.extensions.CompressionExtensionTest,class,6,7,1,6,9,3,0,5,0,0.0,NaN,NaN,1,0,1,0,0,0,1,0,0,0,0,0,0,0,0,0,0,0,0,67,0,0,0,8,0,8,0,3,0,3,1,0,1,0,21,1,0
C:\Projetos\LabExperimentacao\medicao-lab2\repos\Java-WebSocket\src\test\java\org\java_websocket\framing\CloseFrameTest.java,org.java_websocket.framing.CloseFrameTest,class,4,5,1,4,30,1,0,19,6,0.0,0.0,0.0,4,0,4,0,0,0,4,0,0,0,0,0,0,0,0,0,0,0,0,212,0,0,0,26,0,39,2,6,0,5,1,0,0,0,36,1,0
C:\Projetos\LabExperimentacao\medicao-lab2\repos\Java-WebSocket\src\test\java\org\java_websocket\issues\Issue1142Test.java,org.java_websocket.issues.Issue1142Test$Anonymous1,anonymous,1,1,0,1,4,1,0,1,6,0.0,0.0,0.0,4,0,4,0,0,0,4,0,0,0,0,0,0,0,0,0,0,0,0,11,0,0,0,0,0,0,0,0,0,0,0,0,0,0,12,-1,0
C:\Projetos\LabExperimentacao\medicao-lab2\repos\Java-WebSocket\src\test\java\org\java_websocket\issues\Issue855Test.java,org.java_websocket.issues.Issue855Test$Anonymous2,anonymous,2,2,0,2,5,1,0,2,10,0.0,0.0,0.0,5,0,5,0,0,0,5,0,0,0,0,0,0,0,0,0,0,0,0,14,0,0,0,0,0,0,0,0,0,0,0,0,0,0,15,-1,0
C:\Projetos\LabExperimentacao\medicao-lab2\repos\Java-WebSocket\src\test\java\org\java_websocket\issues\Issue855Test.java,org.java_websocket.issues.Issue855Test$Anonymous1,anonymous,1,1,0,1,4,1,0,1,6,0.0,0.0,0.0,4,0,4,0,0,0,4,0,0,0,0,0,0,0,0,0,0,0,0,11,0,0,0,0,0,0,0,0,0,0,0,0,0,0,12,-1,0
C:\Projetos\LabExperimentacao\medicao-lab2\repos\Java-WebSocket\src\test\java\org\java_websocket\issues\Issue1142Test.java,org.java_websocket.issues.Issue1142Test$Anonymous2,anonymous,1,1,0,1,4,1,0,1,6,0.0,0.0,0.0,4,0,4,0,0,0,4,0,0,0,0,0,0,0,0,0,0,0,0,11,0,0,0,0,0,0,0,0,0,0,0,0,0,0,12,-1,0
C:\Projetos\LabExperimentacao\medicao-lab2\repos\Java-WebSocket\src\test\java\org\java_websocket\issues\Issue825Test.java,org.java_websocket.issues.Issue825Test$Anonymous1,anonymous,1,1,0,1,4,1,0,1,6,0.0,0.0,0.0,4,0,4,0,0,0,4,0,0,0,0,0,0,0,0,0,0,0,0,11,0,0,0,0,0,0,0,0,0,0,0,0,0,0,12,-1,0
C:\Projetos\LabExperimentacao\medicao-lab2\repos\Java-WebSocket\src\main\java\org\java_websocket\interfaces\ISSLChannel.java,org.java_websocket.interfaces.ISSLChannel,interface,0,3,3,0,1,1,0,0,0,0.0,NaN,NaN,1,0,0,0,0,1,1,0,0,0,0,0,0,0,0,0,0,0,0,3,0,0,0,0,0,0,0,0,0,0,0,0,0,0,27,1,0
C:\Projetos\LabExperimentacao\medicao-lab2\repos\Java-WebSocket\src\test\java\org\java_websocket\issues\Issue765Test.java,org.java_websocket.issues.Issue765Test,class,5,6,1,5,1,4,0,3,0,0.0,NaN,NaN,1,0,1,0,0,0,1,0,0,0,1,0,0,0,0,1,0,0,0,36,0,0,0,0,0,2,0,2,0,2,0,0,2,0,21,1,0
C:\Projetos\LabExperimentacao\medicao-lab2\repos\Java-WebSocket\src\main\java\org\java_websocket\handshake\Handshakedata.java,org.java_websocket.handshake.Handshakedata,interface,1,15,14,1,4,1,0,0,6,0.0,0.0,0.0,4,0,0,0,0,4,4,0,0,0,0,0,0,0,0,0,0,0,0,6,0,0,0,0,0,0,0,0,0,0,0,0,0,0,35,1,0
C:\Projetos\LabExperimentacao\medicao-lab2\repos\Java-WebSocket\src\test\java\org\java_websocket\exceptions\IncompleteHandshakeExceptionTest.java,org.java_websocket.exceptions.IncompleteHandshakeExceptionTest,class,2,3,1,2,1,1,0,2,0,0.0,NaN,NaN,1,0,1,0,0,0,1,0,0,0,0,0,0,0,0,0,0,0,0,8,0,0,0,0,0,2,3,2,0,1,0,0,0,0,17,1,0
C:\Projetos\LabExperimentacao\medicao-lab2\repos\Java-WebSocket\src\test\java\org\java_websocket\issues\Issue713Test.java,org.java_websocket.issues.Issue713Test,class,6,6,0,6,4,4,0,13,1,0.5,0.0,0.0,2,0,2,0,0,0,2,0,0,0,3,0,0,0,0,3,0,0,3,96,0,0,0,2,0,7,12,10,0,7,1,2,1,0,31,1,0
C:\Projetos\LabExperimentacao\medicao-lab2\repos\Java-WebSocket\src\test\java\org\java_websocket\client\SchemaCheckTest.java,org.java_websocket.client.SchemaCheckTest,class,2,3,1,2,4,1,0,2,0,0.0,NaN,NaN,1,0,1,0,0,0,1,0,0,0,0,0,0,0,0,0,0,0,0,39,0,3,0,0,0,14,1,5,0,5,1,2,0,0,24,1,0
C:\Projetos\LabExperimentacao\medicao-lab2\repos\Java-WebSocket\src\test\java\org\java_websocket\exceptions\AllExceptionsTests.java,org.java_websocket.exceptions.AllExceptionsTests,class,12,13,1,12,0,1,0,0,0,0.0,-1.0,-1.0,0,0,0,0,0,0,0,0,0,0,0,0,0,0,0,0,0,0,0,2,0,0,0,0,0,0,0,0,0,0,0,0,0,0,3,1,0
C:\Projetos\LabExperimentacao\medicao-lab2\repos\Java-WebSocket\src\test\java\org\java_websocket\issues\Issue713Test.java,org.java_websocket.issues.Issue713Test$TestWebSocket,innerclass,2,2,0,2,6,4,0,1,15,0.0,0.0,0.0,6,0,5,0,0,1,6,0,0,0,0,0,0,0,0,0,0,0,0,18,0,0,0,0,0,1,0,0,1,0,0,0,0,0,23,0,0
C:\Projetos\LabExperimentacao\medicao-lab2\repos\Java-WebSocket\src\test\java\org\java_websocket\server\DefaultSSLWebSocketServerFactoryTest.java,org.java_websocket.server.DefaultSSLWebSocketServerFactoryTest,class,7,7,0,7,10,2,0,11,6,0.0,0.0,0.0,4,0,4,0,0,0,4,0,0,0,0,0,0,0,0,0,0,0,8,80,0,0,0,6,0,7,0,8,0,7,1,0,1,0,42,1,0
C:\Projetos\LabExperimentacao\medicao-lab2\repos\Java-WebSocket\src\test\java\org\java_websocket\issues\Issue609Test.java,org.java_websocket.issues.Issue609Test,class,4,5,1,4,1,1,0,9,0,0.0,NaN,NaN,1,0,1,0,0,0,1,0,0,0,4,0,0,0,0,4,0,0,1,47,0,0,0,0,0,5,2,5,1,7,0,2,0,0,25,1,0
C:\Projetos\LabExperimentacao\medicao-lab2\repos\Java-WebSocket\src\main\example\ServerStressTest.java,ServerStressTest$Anonymous1$Anonymous2,anonymous,1,1,0,1,2,1,0,2,0,0.0,NaN,NaN,1,0,1,0,0,0,1,0,0,0,0,0,0,0,0,0,0,0,0,10,0,0,0,1,0,1,0,0,0,0,1,0,0,0,5,-1,0
C:\Projetos\LabExperimentacao\medicao-lab2\repos\Java-WebSocket\src\test\java\org\java_websocket\util\KeyUtils.java,org.java_websocket.util.KeyUtils,class,2,4,2,2,3,1,0,6,1,0.0,0.0,0.0,2,2,2,0,0,0,2,0,0,0,0,0,0,0,0,0,0,0,3,17,2,0,0,1,0,4,0,3,2,3,1,0,0,0,34,1,0
C:\Projetos\LabExperimentacao\medicao-lab2\repos\Java-WebSocket\src\main\java\org\java_websocket\exceptions\InvalidDataException.java,org.java_websocket.exceptions.InvalidDataException,class,0,15,15,0,5,3,3,0,0,0.5,0.0,0.0,5,0,5,0,0,0,5,0,0,0,2,1,0,2,0,0,2,0,0,22,1,0,0,0,0,0,1,5,0,2,0,0,0,0,37,1,0
C:\Projetos\LabExperimentacao\medicao-lab2\repos\Java-WebSocket\src\main\java\org\java_websocket\handshake\HandshakeImpl1Server.java,org.java_websocket.handshake.HandshakeImpl1Server,class,2,5,3,2,4,2,0,0,2,0.5,0.0,0.0,4,0,4,0,0,0,4,0,0,0,2,0,0,2,0,0,0,0,0,16,2,0,0,0,0,0,0,2,0,2,0,0,0,0,21,1,0
C:\Projetos\LabExperimentacao\medicao-lab2\repos\Java-WebSocket\src\test\java\org\java_websocket\issues\Issue1160Test.java,org.java_websocket.issues.Issue1160Test$TestClient,innerclass,2,2,0,2,5,4,0,1,8,0.6,0.0,0.0,5,0,5,0,0,0,5,0,0,0,1,0,0,1,0,0,1,0,0,16,0,0,0,0,0,0,0,1,0,1,0,0,0,0,24,8,0
C:\Projetos\LabExperimentacao\medicao-lab2\repos\Java-WebSocket\src\test\java\org\java_websocket\protocols\AllProtocolTests.java,org.java_websocket.protocols.AllProtocolTests,class,5,6,1,5,0,1,0,0,0,0.0,-1.0,-1.0,0,0,0,0,0,0,0,0,0,0,0,0,0,0,0,0,0,0,0,2,0,0,0,0,0,0,0,0,0,0,0,0,0,0,3,1,0
C:\Projetos\LabExperimentacao\medicao-lab2\repos\Java-WebSocket\src\main\java\org\java_websocket\WebSocket.java,org.java_websocket.WebSocket,interface,7,62,55,7,26,1,0,0,325,0.0,0.0,0.0,26,0,0,0,0,26,26,0,0,0,0,0,0,0,0,0,0,0,0,28,0,0,0,0,0,0,0,0,0,0,0,0,0,0,208,1,0
C:\Projetos\LabExperimentacao\medicao-lab2\repos\Java-WebSocket\src\main\java\org\java_websocket\framing\FramedataImpl1.java,org.java_websocket.framing.FramedataImpl1,class,10,31,21,10,46,1,2,25,68,0.7357143,0.0,0.0,20,1,20,0,0,0,20,1,0,0,7,0,0,7,0,0,0,0,3,147,24,0,14,0,7,11,18,26,14,11,2,0,0,0,104,1025,0
C:\Projetos\LabExperimentacao\medicao-lab2\repos\Java-WebSocket\src\test\java\org\java_websocket\issues\Issue962Test.java,org.java_websocket.issues.Issue962Test$Anonymous2,anonymous,2,2,0,2,5,1,0,0,10,0.0,0.0,0.0,5,0,5,0,0,0,5,0,0,0,0,0,0,0,0,0,0,0,0,12,0,0,0,0,0,0,0,0,0,0,0,0,0,0,15,-1,0
C:\Projetos\LabExperimentacao\medicao-lab2\repos\Java-WebSocket\src\test\java\org\java_websocket\issues\Issue962Test.java,org.java_websocket.issues.Issue962Test$Anonymous1,anonymous,1,1,0,1,4,1,0,2,6,0.0,0.0,0.0,4,0,4,0,0,0,4,0,0,0,0,0,0,0,0,0,0,0,0,11,0,0,0,0,0,1,0,0,1,0,0,0,0,0,14,-1,0
C:\Projetos\LabExperimentacao\medicao-lab2\repos\Java-WebSocket\src\main\java\org\java_websocket\WrappedByteChannel.java,org.java_websocket.WrappedByteChannel,interface,0,7,7,0,5,1,0,0,10,0.0,0.0,0.0,5,0,0,0,0,5,5,0,0,0,0,0,0,0,0,0,0,0,0,7,0,0,0,0,0,0,0,0,0,0,0,0,0,0,76,1,0
C:\Projetos\LabExperimentacao\medicao-lab2\repos\Java-WebSocket\src\test\java\org\java_websocket\client\HeadersTest.java,org.java_websocket.client.HeadersTest$Anonymous2,anonymous,1,1,0,1,4,1,0,0,6,0.0,0.0,0.0,4,0,4,0,0,0,4,0,0,0,0,0,0,0,0,0,0,0,0,10,0,0,0,0,0,0,0,0,0,0,0,0,0,0,12,-1,0
C:\Projetos\LabExperimentacao\medicao-lab2\repos\Java-WebSocket\src\test\java\org\java_websocket\client\HeadersTest.java,org.java_websocket.client.HeadersTest$Anonymous3,anonymous,1,1,0,1,4,1,0,0,6,0.0,0.0,0.0,4,0,4,0,0,0,4,0,0,0,0,0,0,0,0,0,0,0,0,10,0,0,0,0,0,0,0,0,0,0,0,0,0,0,12,-1,0
C:\Projetos\LabExperimentacao\medicao-lab2\repos\Java-WebSocket\src\test\java\org\java_websocket\issues\Issue1160Test.java,org.java_websocket.issues.Issue1160Test,class,7,7,0,7,5,4,0,12,0,0.0,0.0,0.0,2,0,2,0,0,0,2,0,0,0,1,0,0,1,0,0,1,0,2,93,0,1,2,0,0,2,17,15,2,15,1,2,1,0,44,1,0
C:\Projetos\LabExperimentacao\medicao-lab2\repos\Java-WebSocket\src\main\java\org\java_websocket\framing\DataFrame.java,org.java_websocket.framing.DataFrame,class,2,12,10,2,2,2,3,0,1,0.0,0.0,0.0,2,0,2,0,0,0,2,0,0,0,0,0,0,0,0,0,0,0,0,7,0,0,0,0,0,0,0,0,0,0,0,0,0,0,20,1025,0
C:\Projetos\LabExperimentacao\medicao-lab2\repos\Java-WebSocket\src\test\java\org\java_websocket\client\HeadersTest.java,org.java_websocket.client.HeadersTest$Anonymous1,anonymous,1,1,0,1,4,1,0,0,6,0.0,0.0,0.0,4,0,4,0,0,0,4,0,0,0,0,0,0,0,0,0,0,0,0,10,0,0,0,0,0,0,0,0,0,0,0,0,0,0,12,-1,0
C:\Projetos\LabExperimentacao\medicao-lab2\repos\Java-WebSocket\src\test\java\org\java_websocket\issues\Issue621Test.java,org.java_websocket.issues.Issue621Test$Anonymous1,anonymous,1,1,0,1,4,1,0,1,6,0.0,0.0,0.0,4,0,4,0,0,0,4,0,0,0,0,0,0,0,0,0,0,0,0,11,0,0,0,0,0,0,0,0,0,0,0,0,0,0,12,-1,0
C:\Projetos\LabExperimentacao\medicao-lab2\repos\Java-WebSocket\src\main\java\org\java_websocket\client\WebSocketClient.java,org.java_websocket.client.WebSocketClient$WebsocketWriteThread,innerclass,2,2,0,2,10,1,0,15,4,0.5,0.0,0.0,4,0,1,2,0,1,2,0,0,0,1,0,0,1,0,0,1,0,4,45,0,2,1,3,0,1,2,3,1,2,2,0,0,0,36,2,0
C:\Projetos\LabExperimentacao\medicao-lab2\repos\Java-WebSocket\src\main\java\org\java_websocket\drafts\Draft.java,org.java_websocket.drafts.Draft,class,25,51,26,25,61,1,1,54,394,0.9137931,0.0,0.0,29,5,25,2,1,1,27,12,0,0,2,0,0,0,2,0,0,0,19,205,19,3,16,2,3,31,32,34,5,23,2,0,0,0,183,1025,0
C:\Projetos\LabExperimentacao\medicao-lab2\repos\Java-WebSocket\src\test\java\org\java_websocket\issues\Issue621Test.java,org.java_websocket.issues.Issue621Test$Anonymous2,anonymous,2,2,0,2,5,1,0,2,10,0.0,0.0,0.0,5,0,5,0,0,0,5,0,0,0,0,0,0,0,0,0,0,0,0,14,0,0,0,0,0,0,0,0,0,0,0,0,0,0,15,-1,0
C:\Projetos\LabExperimentacao\medicao-lab2\repos\Java-WebSocket\src\main\java\org\java_websocket\framing\PongFrame.java,org.java_websocket.framing.PongFrame,class,3,7,4,3,2,3,0,2,1,0.0,0.0,0.0,2,0,2,0,0,0,2,0,0,0,0,0,0,0,0,0,0,0,0,9,0,0,0,0,0,0,0,0,0,0,0,0,0,0,24,1,0
C:\Projetos\LabExperimentacao\medicao-lab2\repos\Java-WebSocket\src\test\java\org\java_websocket\issues\Issue256Test.java,org.java_websocket.issues.Issue256Test,class,14,16,2,14,8,1,0,12,11,0.83333343,0.0,0.0,6,3,5,1,0,0,5,0,0,0,6,4,2,3,0,1,1,0,1,78,1,1,0,0,0,1,9,10,1,11,1,2,0,0,48,1,0
C:\Projetos\LabExperimentacao\medicao-lab2\repos\Java-WebSocket\src\main\java\org\java_websocket\exceptions\LimitExceededException.java,org.java_websocket.exceptions.LimitExceededException,class,1,4,3,1,5,4,0,0,4,0.7,0.0,0.0,5,0,5,0,0,0,5,0,0,0,2,1,0,2,0,0,2,0,0,21,1,0,0,0,0,0,1,3,0,2,0,0,0,0,48,1,0
C:\Projetos\LabExperimentacao\medicao-lab2\repos\Java-WebSocket\src\test\java\org\java_websocket\client\AttachmentTest.java,org.java_websocket.client.AttachmentTest$Anonymous1,anonymous,1,1,0,1,4,1,0,0,6,0.0,0.0,0.0,4,0,4,0,0,0,4,0,0,0,0,0,0,0,0,0,0,0,0,10,0,0,0,0,0,0,0,0,0,0,0,0,0,0,12,-1,0
C:\Projetos\LabExperimentacao\medicao-lab2\repos\Java-WebSocket\src\test\java\org\java_websocket\client\AttachmentTest.java,org.java_websocket.client.AttachmentTest$Anonymous2,anonymous,1,1,0,1,4,1,0,0,6,0.0,0.0,0.0,4,0,4,0,0,0,4,0,0,0,0,0,0,0,0,0,0,0,0,10,0,0,0,0,0,0,0,0,0,0,0,0,0,0,12,-1,0
C:\Projetos\LabExperimentacao\medicao-lab2\repos\Java-WebSocket\src\main\java\org\java_websocket\server\WebSocketServer.java,org.java_websocket.server.WebSocketServer$WebSocketWorker$Anonymous1,anonymous,0,0,0,0,1,1,0,2,0,0.0,NaN,NaN,1,0,1,0,0,0,1,0,0,0,0,0,0,0,0,0,0,0,0,5,0,0,0,0,0,1,0,0,0,0,0,0,0,0,8,-1,1
C:\Projetos\LabExperimentacao\medicao-lab2\repos\Java-WebSocket\src\test\java\org\java_websocket\drafts\Draft_6455Test.java,org.java_websocket.drafts.Draft_6455Test,class,16,17,1,16,24,2,0,41,81,0.6666666,0.0,0.0,18,0,18,0,0,0,18,0,0,0,4,0,0,0,0,4,0,0,51,431,0,0,0,6,1,145,21,102,0,51,1,0,1,0,79,1,0
C:\Projetos\LabExperimentacao\medicao-lab2\repos\Java-WebSocket\src\test\java\org\java_websocket\issues\Issue598Test.java,org.java_websocket.issues.Issue598Test$Anonymous2,anonymous,2,2,0,2,7,1,0,1,15,0.0,0.0,0.0,6,0,6,0,0,0,6,0,0,0,0,0,0,0,0,0,0,0,0,20,0,0,1,0,0,0,0,0,0,0,1,0,0,0,18,-1,0
C:\Projetos\LabExperimentacao\medicao-lab2\repos\Java-WebSocket\src\test\java\org\java_websocket\issues\Issue598Test.java,org.java_websocket.issues.Issue598Test$Anonymous1,anonymous,1,1,0,1,4,1,0,0,6,0.0,0.0,0.0,4,0,4,0,0,0,4,0,0,0,0,0,0,0,0,0,0,0,0,10,0,0,0,0,0,0,0,0,0,0,0,0,0,0,12,-1,0
C:\Projetos\LabExperimentacao\medicao-lab2\repos\Java-WebSocket\src\test\java\org\java_websocket\extensions\PerMessageDeflateExtensionTest.java,org.java_websocket.extensions.PerMessageDeflateExtensionTest,class,7,7,0,7,25,1,0,34,171,0.0,0.0,0.0,19,0,19,0,0,0,19,0,0,0,0,0,0,0,0,0,0,0,5,154,0,0,0,5,0,31,3,37,3,34,1,0,0,0,79,1,0
C:\Projetos\LabExperimentacao\medicao-lab2\repos\Java-WebSocket\src\test\java\org\java_websocket\framing\PingFrameTest.java,org.java_websocket.framing.PingFrameTest,class,4,5,1,4,9,1,0,15,3,0.0,0.0,0.0,3,0,3,0,0,0,3,0,0,0,0,0,0,0,0,0,0,0,0,62,0,0,0,6,0,14,1,3,0,3,1,0,0,0,27,1,0
C:\Projetos\LabExperimentacao\medicao-lab2\repos\Java-WebSocket\src\main\java\org\java_websocket\framing\PingFrame.java,org.java_websocket.framing.PingFrame,class,1,11,10,1,1,3,0,0,0,0.0,NaN,NaN,1,0,1,0,0,0,1,0,0,0,0,0,0,0,0,0,0,0,0,5,0,0,0,0,0,0,0,0,0,0,0,0,0,0,15,1,0
C:\Projetos\LabExperimentacao\medicao-lab2\repos\Java-WebSocket\src\test\java\org\java_websocket\issues\Issue825Test.java,org.java_websocket.issues.Issue825Test,class,7,8,1,7,1,4,0,13,0,0.0,NaN,NaN,1,0,1,0,0,0,1,0,0,0,0,0,0,0,0,0,0,0,5,62,0,0,0,0,0,4,7,7,1,7,0,1,1,0,30,1,0
C:\Projetos\LabExperimentacao\medicao-lab2\repos\Java-WebSocket\src\test\java\org\java_websocket\issues\Issue879Test.java,org.java_websocket.issues.Issue879Test$SimpleClient,innerclass,2,2,0,2,5,4,0,0,10,0.0,0.0,0.0,5,0,5,0,0,0,5,0,0,0,0,0,0,0,0,0,0,0,0,13,0,0,0,0,0,0,0,0,0,0,0,0,0,0,21,0,0
C:\Projetos\LabExperimentacao\medicao-lab2\repos\Java-WebSocket\src\main\java\org\java_websocket\util\Charsetfunctions.java,org.java_websocket.util.Charsetfunctions,class,4,15,11,4,13,1,0,14,32,0.7777778,0.0,0.0,9,8,8,1,0,0,8,0,0,0,2,2,0,2,0,0,2,0,4,53,10,1,1,1,2,0,407,8,2,7,2,0,0,0,67,1,0
C:\Projetos\LabExperimentacao\medicao-lab2\repos\Java-WebSocket\src\test\java\org\java_websocket\issues\Issue580Test.java,org.java_websocket.issues.Issue580Test$Anonymous1,anonymous,2,2,0,2,5,1,0,1,10,0.0,0.0,0.0,5,0,5,0,0,0,5,0,0,0,0,0,0,0,0,0,0,0,0,13,0,0,0,0,0,0,0,0,0,0,0,0,0,0,15,-1,0
C:\Projetos\LabExperimentacao\medicao-lab2\repos\Java-WebSocket\src\test\java\org\java_websocket\issues\Issue666Test.java,org.java_websocket.issues.Issue666Test$Anonymous3,anonymous,2,2,0,2,5,1,0,1,10,0.0,0.0,0.0,5,0,5,0,0,0,5,0,0,0,0,0,0,0,0,0,0,0,0,13,0,0,0,0,0,0,0,0,0,0,0,0,0,0,15,-1,0
C:\Projetos\LabExperimentacao\medicao-lab2\repos\Java-WebSocket\src\test\java\org\java_websocket\issues\Issue811Test.java,org.java_websocket.issues.Issue811Test,class,5,5,0,5,1,4,0,6,0,0.0,NaN,NaN,1,0,1,0,0,0,1,0,0,0,1,0,0,1,0,0,0,0,2,33,0,0,0,0,0,0,4,2,0,2,0,1,1,0,23,1,0
C:\Projetos\LabExperimentacao\medicao-lab2\repos\Java-WebSocket\src\test\java\org\java_websocket\issues\Issue890Test.java,org.java_websocket.issues.Issue890Test$TestResult,innerclass,0,0,0,0,0,1,0,0,0,NaN,-1.0,-1.0,0,0,0,0,0,0,0,0,0,0,2,0,2,0,0,0,0,0,0,4,0,0,0,0,0,0,0,2,0,2,0,0,0,0,10,2,0
C:\Projetos\LabExperimentacao\medicao-lab2\repos\Java-WebSocket\src\test\java\org\java_websocket\issues\Issue580Test.java,org.java_websocket.issues.Issue580Test$Anonymous2,anonymous,1,1,0,1,4,1,0,0,6,0.0,0.0,0.0,4,0,4,0,0,0,4,0,0,0,0,0,0,0,0,0,0,0,0,10,0,0,0,0,0,0,0,0,0,0,0,0,0,0,12,-1,0
C:\Projetos\LabExperimentacao\medicao-lab2\repos\Java-WebSocket\src\test\java\org\java_websocket\issues\Issue666Test.java,org.java_websocket.issues.Issue666Test$Anonymous2,anonymous,1,1,0,1,4,1,0,0,6,0.0,0.0,0.0,4,0,4,0,0,0,4,0,0,0,0,0,0,0,0,0,0,0,0,10,0,0,0,0,0,0,0,0,0,0,0,0,0,0,12,-1,0
C:\Projetos\LabExperimentacao\medicao-lab2\repos\Java-WebSocket\src\main\java\org\java_websocket\exceptions\InvalidHandshakeException.java,org.java_websocket.exceptions.InvalidHandshakeException,class,1,5,4,1,4,4,0,0,6,1.0,0.0,0.0,4,0,4,0,0,0,4,0,0,0,1,1,0,1,0,0,1,0,0,15,0,0,0,0,0,0,1,1,0,1,0,0,0,0,39,1,0
C:\Projetos\LabExperimentacao\medicao-lab2\repos\Java-WebSocket\src\main\java\org\java_websocket\framing\Framedata.java,org.java_websocket.framing.Framedata,interface,2,19,17,2,8,1,0,0,28,0.0,0.0,0.0,8,0,0,0,0,8,8,0,0,0,0,0,0,0,0,0,0,0,0,10,0,0,0,0,0,0,0,0,0,0,0,0,0,0,59,1,0
C:\Projetos\LabExperimentacao\medicao-lab2\repos\Java-WebSocket\src\main\java\org\java_websocket\SSLSocketChannel.java,org.java_websocket.SSLSocketChannel,class,5,6,1,5,71,1,0,41,35,0.7708333,0.0,0.0,18,0,11,7,0,0,11,0,0,2,8,0,0,8,0,0,3,0,10,294,24,7,5,8,1,11,8,36,6,18,3,0,0,0,354,1,3
C:\Projetos\LabExperimentacao\medicao-lab2\repos\Java-WebSocket\src\test\java\org\java_websocket\protocols\ProtocolHandshakeRejectionTest.java,org.java_websocket.protocols.ProtocolHandshakeRejectionTest$Anonymous1,anonymous,2,2,0,2,38,1,0,15,0,0.0,NaN,NaN,1,0,1,0,0,0,1,0,0,0,0,0,0,0,0,0,0,0,58,158,0,2,0,2,0,92,3,12,30,7,5,0,0,0,32,-1,0
C:\Projetos\LabExperimentacao\medicao-lab2\repos\Java-WebSocket\src\main\java\org\java_websocket\exceptions\NotSendableException.java,org.java_websocket.exceptions.NotSendableException,class,0,2,2,0,3,4,0,0,3,1.0,0.0,0.0,3,0,3,0,0,0,3,0,0,0,1,1,0,1,0,0,1,0,0,12,0,0,0,0,0,0,1,1,0,1,0,0,0,0,29,1,0
C:\Projetos\LabExperimentacao\medicao-lab2\repos\Java-WebSocket\src\main\example\PerMessageDeflateExample.java,PerMessageDeflateExample,class,5,5,0,5,0,7,0,0,0,NaN,-1.0,-1.0,0,0,0,0,0,0,0,0,0,0,2,2,0,2,0,0,2,0,0,32,0,0,0,0,0,0,1,2,0,2,0,0,2,0,69,1,0
C:\Projetos\LabExperimentacao\medicao-lab2\repos\Java-WebSocket\src\main\java\org\java_websocket\extensions\IExtension.java,org.java_websocket.extensions.IExtension,interface,2,11,9,2,10,1,0,0,45,0.0,0.0,0.0,10,0,0,0,0,10,10,0,0,0,0,0,0,0,0,0,0,0,0,12,0,0,0,0,0,0,0,0,0,0,0,0,0,0,149,1,0
C:\Projetos\LabExperimentacao\medicao-lab2\repos\Java-WebSocket\src\main\java\org\java_websocket\protocols\IProtocol.java,org.java_websocket.protocols.IProtocol,interface,1,14,13,1,4,1,0,0,6,0.0,0.0,0.0,4,0,0,0,0,4,4,0,0,0,0,0,0,0,0,0,0,0,0,6,0,0,0,0,0,0,0,0,0,0,0,0,0,0,82,1,0
C:\Projetos\LabExperimentacao\medicao-lab2\repos\Java-WebSocket\src\test\java\org\java_websocket\issues\Issue732Test.java,org.java_websocket.issues.Issue732Test,class,6,7,1,6,1,1,0,4,0,0.5,NaN,NaN,1,0,1,0,0,0,1,0,0,0,2,0,1,1,0,0,0,0,1,64,0,0,0,0,0,1,2,5,1,5,0,2,0,0,25,1,0
C:\Projetos\LabExperimentacao\medicao-lab2\repos\Java-WebSocket\src\test\java\org\java_websocket\framing\BinaryFrameTest.java,org.java_websocket.framing.BinaryFrameTest,class,4,5,1,4,5,1,0,11,3,0.0,0.0,0.0,3,0,3,0,0,0,3,0,0,0,0,0,0,0,0,0,0,0,0,31,0,0,0,2,0,10,1,3,0,3,1,0,0,0,24,1,0
C:\Projetos\LabExperimentacao\medicao-lab2\repos\Java-WebSocket\src\main\java\org\java_websocket\exceptions\InvalidEncodingException.java,org.java_websocket.exceptions.InvalidEncodingException,class,0,1,1,0,3,4,0,0,0,0.0,0.0,0.0,2,0,2,0,0,0,2,0,0,0,1,0,0,1,0,0,1,0,0,12,1,0,1,0,0,0,0,1,0,1,1,0,0,0,27,1,0
C:\Projetos\LabExperimentacao\medicao-lab2\repos\Java-WebSocket\src\main\java\org\java_websocket\framing\ControlFrame.java,org.java_websocket.framing.ControlFrame,class,3,10,7,3,6,2,3,4,1,0.0,0.0,0.0,2,0,2,0,0,0,2,0,0,0,0,0,0,0,0,0,0,0,0,19,0,0,0,0,0,4,0,0,0,0,1,0,0,0,34,1025,0
C:\Projetos\LabExperimentacao\medicao-lab2\repos\Java-WebSocket\src\main\example\ChatServerAttachmentExample.java,ChatServerAttachmentExample,class,4,5,1,4,13,4,0,14,36,0.8888889,0.0,0.0,9,1,9,0,0,0,9,0,0,0,1,0,0,0,0,1,0,0,1,51,0,1,1,1,0,7,4,6,5,5,2,0,0,0,71,1,0
C:\Projetos\LabExperimentacao\medicao-lab2\repos\Java-WebSocket\src\test\java\org\java_websocket\issues\Issue1203Test.java,org.java_websocket.issues.Issue1203Test$Anonymous1,anonymous,2,2,0,2,5,1,0,1,10,0.0,0.0,0.0,5,0,5,0,0,0,5,0,0,0,0,0,0,0,0,0,0,0,0,13,0,0,0,0,0,0,0,0,0,0,0,0,0,0,15,-1,0
C:\Projetos\LabExperimentacao\medicao-lab2\repos\Java-WebSocket\src\test\java\org\java_websocket\issues\Issue879Test.java,org.java_websocket.issues.Issue879Test,class,12,13,1,12,7,7,0,12,1,0.5,0.0,0.0,3,1,2,1,0,0,2,0,0,0,2,1,1,1,0,0,1,0,3,82,2,3,0,0,0,3,13,14,3,15,2,0,2,0,52,1,0
C:\Projetos\LabExperimentacao\medicao-lab2\repos\Java-WebSocket\src\main\java\org\java_websocket\client\WebSocketClient.java,org.java_websocket.client.WebSocketClient,class,18,76,58,18,123,3,13,103,1518,0.9197651,0.0,0.0,73,0,65,6,2,0,67,4,6,0,14,0,0,13,1,0,0,0,5,470,33,2,30,3,4,16,12,60,5,34,2,1,1,0,382,1025,0
C:\Projetos\LabExperimentacao\medicao-lab2\repos\Java-WebSocket\src\test\java\org\java_websocket\issues\Issue764Test.java,org.java_websocket.issues.Issue764Test,class,7,8,1,7,1,4,0,9,0,0.0,NaN,NaN,1,0,1,0,0,0,1,0,0,0,2,0,0,2,0,0,0,0,2,50,0,0,0,0,0,1,3,6,1,6,0,1,1,0,28,1,0
C:\Projetos\LabExperimentacao\medicao-lab2\repos\Java-WebSocket\src\test\java\org\java_websocket\issues\Issue1203Test.java,org.java_websocket.issues.Issue1203Test$Anonymous2,anonymous,1,1,0,1,4,1,0,1,6,0.0,0.0,0.0,4,0,4,0,0,0,4,0,0,0,0,0,0,0,0,0,0,0,0,12,0,0,0,0,0,0,0,1,0,0,0,0,0,0,16,-1,0
C:\Projetos\LabExperimentacao\medicao-lab2\repos\Java-WebSocket\src\test\java\org\java_websocket\issues\Issue1203Test.java,org.java_websocket.issues.Issue1203Test$Anonymous3,anonymous,1,1,0,1,2,1,0,2,0,0.0,NaN,NaN,1,0,1,0,0,0,1,0,0,0,0,0,0,0,0,0,0,0,0,10,0,0,0,1,0,0,0,0,0,0,1,0,0,0,4,-1,0
C:\Projetos\LabExperimentacao\medicao-lab2\repos\Java-WebSocket\src\main\example\ChatServer.java,ChatServer,class,6,14,8,6,14,4,2,18,45,0.0,0.0,0.0,10,1,10,0,0,0,10,0,0,0,0,0,0,0,0,0,0,0,2,58,0,1,1,1,0,10,5,5,7,4,2,0,0,0,63,1,0
C:\Projetos\LabExperimentacao\medicao-lab2\repos\Java-WebSocket\src\test\java\org\java_websocket\protocols\ProtocolHandshakeRejectionTest.java,org.java_websocket.protocols.ProtocolHandshakeRejectionTest$Anonymous2,anonymous,3,3,0,3,77,1,0,7,6,0.0,0.0,0.0,4,0,4,0,0,0,4,0,0,0,0,0,0,0,0,0,0,0,0,119,1,0,2,0,0,13,72,2,1,0,1,0,0,0,34,-1,0
C:\Projetos\LabExperimentacao\medicao-lab2\repos\Java-WebSocket\src\test\java\org\java_websocket\protocols\ProtocolHandshakeRejectionTest.java,org.java_websocket.protocols.ProtocolHandshakeRejectionTest$Anonymous3,anonymous,1,1,0,1,2,1,0,1,0,0.0,NaN,NaN,1,0,1,0,0,0,1,0,0,0,0,0,0,0,0,0,0,0,0,10,0,0,0,1,0,0,1,1,0,0,1,0,0,0,4,-1,0
C:\Projetos\LabExperimentacao\medicao-lab2\repos\Java-WebSocket\src\test\java\org\java_websocket\server\SSLParametersWebSocketServerFactoryTest.java,org.java_websocket.server.SSLParametersWebSocketServerFactoryTest$CustomWebSocketAdapter,innerclass,3,3,0,3,10,2,0,0,45,0.0,0.0,0.0,10,0,10,0,0,0,10,0,0,0,0,0,0,0,0,0,0,0,0,24,2,0,0,0,0,0,0,0,0,0,0,0,0,0,31,10,0
C:\Projetos\LabExperimentacao\medicao-lab2\repos\Java-WebSocket\src\test\java\org\java_websocket\issues\Issue666Test.java,org.java_websocket.issues.Issue666Test$Anonymous1,anonymous,2,2,0,2,5,1,0,1,10,0.0,0.0,0.0,5,0,5,0,0,0,5,0,0,0,0,0,0,0,0,0,0,0,0,13,0,0,0,0,0,0,0,0,0,0,0,0,0,0,15,-1,0
C:\Projetos\LabExperimentacao\medicao-lab2\repos\Java-WebSocket\src\main\java\org\java_websocket\handshake\ServerHandshakeBuilder.java,org.java_websocket.handshake.ServerHandshakeBuilder,interface,2,10,8,2,2,1,0,0,1,0.0,0.0,0.0,2,0,0,0,0,2,2,0,0,0,0,0,0,0,0,0,0,0,0,4,0,0,0,0,0,0,0,0,0,0,0,0,0,0,18,1,0
C:\Projetos\LabExperimentacao\medicao-lab2\repos\Java-WebSocket\src\main\java\org\java_websocket\exceptions\IncompleteException.java,org.java_websocket.exceptions.IncompleteException,class,0,2,2,0,2,3,0,0,0,0.5,0.0,0.0,2,0,2,0,0,0,2,0,0,0,2,1,0,2,0,0,2,0,0,10,1,0,0,0,0,0,1,2,0,2,0,0,0,0,29,1,0
C:\Projetos\LabExperimentacao\medicao-lab2\repos\Java-WebSocket\src\main\java\org\java_websocket\handshake\HandshakeImpl1Client.java,org.java_websocket.handshake.HandshakeImpl1Client,class,2,5,3,2,3,2,0,0,0,0.0,0.0,0.0,2,0,2,0,0,0,2,0,0,0,1,0,0,1,0,0,0,0,0,12,1,0,1,0,0,2,0,2,0,1,1,0,0,0,24,1,0
C:\Projetos\LabExperimentacao\medicao-lab2\repos\Java-WebSocket\src\test\java\org\java_websocket\issues\Issue900Test.java,org.java_websocket.issues.Issue900Test,class,8,8,0,8,1,1,0,8,0,0.0,NaN,NaN,1,0,1,0,0,0,1,0,0,0,2,0,0,0,0,2,0,0,1,69,0,0,0,0,0,2,4,6,1,6,0,2,1,0,30,1,0
C:\Projetos\LabExperimentacao\medicao-lab2\repos\Java-WebSocket\src\main\java\org\java_websocket\handshake\ClientHandshake.java,org.java_websocket.handshake.ClientHandshake,interface,1,45,44,1,1,1,0,0,0,0.0,NaN,NaN,1,0,0,0,0,1,1,0,0,0,0,0,0,0,0,0,0,0,0,3,0,0,0,0,0,0,0,0,0,0,0,0,0,0,23,1,0
C:\Projetos\LabExperimentacao\medicao-lab2\repos\Java-WebSocket\src\test\java\org\java_websocket\drafts\Draft_6455Test.java,org.java_websocket.drafts.Draft_6455Test$TestExtension,innerclass,3,3,0,3,6,2,0,2,3,0.0,0.0,0.0,3,0,3,0,0,0,3,0,0,0,0,0,0,0,0,0,0,0,0,17,5,0,3,0,0,0,0,0,0,0,1,0,0,0,16,2,0
C:\Projetos\LabExperimentacao\medicao-lab2\repos\Java-WebSocket\src\main\java\org\java_websocket\handshake\ClientHandshakeBuilder.java,org.java_websocket.handshake.ClientHandshakeBuilder,interface,2,6,4,2,1,1,0,0,0,0.0,NaN,NaN,1,0,0,0,0,1,1,0,0,0,0,0,0,0,0,0,0,0,0,3,0,0,0,0,0,0,0,0,0,0,0,0,0,0,18,1,0
C:\Projetos\LabExperimentacao\medicao-lab2\repos\Java-WebSocket\src\main\java\org\java_websocket\handshake\HandshakeBuilder.java,org.java_websocket.handshake.HandshakeBuilder,interface,2,8,6,2,2,1,0,0,1,0.0,0.0,0.0,2,0,0,0,0,2,2,0,0,0,0,0,0,0,0,0,0,0,0,4,0,0,0,0,0,0,0,0,0,0,0,0,0,0,22,1,0
C:\Projetos\LabExperimentacao\medicao-lab2\repos\Java-WebSocket\src\test\java\org\java_websocket\issues\Issue580Test.java,org.java_websocket.issues.Issue580Test,class,11,13,2,11,6,1,0,10,6,0.9166667,0.0,0.0,4,1,3,1,0,0,3,0,0,0,3,1,2,1,0,0,1,0,2,56,1,1,0,0,0,2,4,8,1,9,1,2,0,0,42,1,0
C:\Projetos\LabExperimentacao\medicao-lab2\repos\Java-WebSocket\src\main\java\org\java_websocket\WebSocketImpl.java,org.java_websocket.WebSocketImpl,class,29,46,17,29,151,1,0,95,1098,0.9285714,0.0,0.0,56,0,45,9,1,1,47,0,0,3,24,3,5,19,0,0,8,0,9,594,39,4,50,13,16,55,15,70,7,42,8,0,0,0,363,1,25
C:\Projetos\LabExperimentacao\medicao-lab2\repos\Java-WebSocket\src\test\java\org\java_websocket\issues\Issue1142Test.java,org.java_websocket.issues.Issue1142Test,class,7,7,0,7,3,4,0,14,1,0.0,0.0,0.0,2,0,2,0,0,0,2,0,0,0,0,0,0,0,0,0,0,0,3,75,0,0,0,1,0,2,4,9,2,9,1,2,1,0,39,1,0
C:\Projetos\LabExperimentacao\medicao-lab2\repos\Java-WebSocket\src\test\java\org\java_websocket\issues\Issue764Test.java,org.java_websocket.issues.Issue764Test$MyWebSocketServer,innerclass,4,4,0,4,6,4,0,2,13,0.75,0.0,0.0,6,0,6,0,0,0,6,0,0,0,2,0,0,2,0,0,2,0,0,21,0,0,0,0,0,0,0,2,0,2,0,0,0,0,25,10,0
C:\Projetos\LabExperimentacao\medicao-lab2\repos\Java-WebSocket\src\test\java\org\java_websocket\AllTests.java,org.java_websocket.AllTests,class,12,12,0,12,0,1,0,0,0,0.0,-1.0,-1.0,0,0,0,0,0,0,0,0,0,0,0,0,0,0,0,0,0,0,0,2,0,0,0,0,0,0,0,0,0,0,0,0,0,0,2,1,0
C:\Projetos\LabExperimentacao\medicao-lab2\repos\Java-WebSocket\src\test\java\org\java_websocket\example\AutobahnClientTest.java,org.java_websocket.example.AutobahnClientTest,class,6,7,1,6,26,4,0,21,21,0.0,0.0,0.0,7,1,7,0,0,0,7,0,0,0,0,0,0,0,0,0,0,0,6,126,0,1,6,4,0,35,8,28,8,16,7,0,0,0,100,1,0
C:\Projetos\LabExperimentacao\medicao-lab2\repos\Java-WebSocket\src\test\java\org\java_websocket\issues\Issue890Test.java,org.java_websocket.issues.Issue890Test$MyWebSocketServer,innerclass,4,4,0,4,7,4,0,4,11,0.6666667,0.0,0.0,6,0,6,0,0,0,6,0,0,0,2,0,0,2,0,0,2,0,0,27,0,0,0,1,0,0,0,4,0,2,1,0,0,0,30,10,0
C:\Projetos\LabExperimentacao\medicao-lab2\repos\Java-WebSocket\src\test\java\org\java_websocket\issues\Issue764Test.java,org.java_websocket.issues.Issue764Test$Anonymous1,anonymous,1,1,0,1,4,1,0,1,6,0.0,0.0,0.0,4,0,4,0,0,0,4,0,0,0,0,0,0,0,0,0,0,0,0,12,0,0,0,0,0,0,0,0,0,0,0,0,0,0,12,-1,0
C:\Projetos\LabExperimentacao\medicao-lab2\repos\Java-WebSocket\src\test\java\org\java_websocket\issues\Issue847Test.java,org.java_websocket.issues.Issue847Test,class,11,12,1,11,8,1,0,10,5,0.7,0.0,0.0,6,3,5,1,0,0,5,0,0,0,5,4,1,4,0,0,1,0,3,112,1,1,0,0,0,4,7,8,2,10,1,2,0,0,44,1,0
C:\Projetos\LabExperimentacao\medicao-lab2\repos\Java-WebSocket\src\main\example\PerMessageDeflateExample.java,PerMessageDeflateExample$DeflateServer,innerclass,3,3,0,3,6,4,0,1,15,0.0,0.0,0.0,6,0,6,0,0,0,6,0,0,0,0,0,0,0,0,0,0,0,1,15,0,0,0,0,0,0,0,0,0,0,0,0,0,0,25,10,0
